a	N	a.	N_odd	EMPH		x	
ai	V	ai.	V_even	锌懈褌褜	drink	x	
aj	V	aj.	V_odd	胁褘锌懈褌褜	drink	x	
ajt	V	ajt.	V_odd	锌懈褌褜	drink	x	
ake	N	ake.	N_even	写械写	grandfather	x	
akw	N	akw.	N_odd	袨写懈薪		x	
akw	N	akw.	N_odd	薪芯褔褜	night	x	
akw	N	akw.	N_odd	芯写懈薪谐		x	
akw	N	akw.	N_odd	芯写薪邪	one	x	
akwa	N	akwa.	N_even	芯写懈薪	one	x	
akwa	N	akwa.	N_even	褌褢褌褟	aunt	x	
akwai桑	N	akwai桑.	N_odd	泻邪卸写芯谐芯		x	
akwat	N	akwat.	N_even	胁屑械褋褌械	together	x	
ala	N	ala.	N_even	胁械褉褏	top	x	
ala	N	ala.	N_even	锌芯胁械褉褏薪芯褋褌褜	surface	x	
ali	V	ali.	V_even	褞卸薪褘泄	southern	x	
ali蓵	V	ali蓵.	V_even	褍斜懈褌褜	kill	x	
alm	V	alm.	V_odd	锌芯写薪褟褌褜	lift	x	
alma	V	alma.	V_even	锌芯写薪褟褌褜	lift	x	
almpal	N	almpal.	N_even	蟹邪	behind	x	
alp蓹l	ADJ	alp蓹l.|alpl.	ADJ_even	褍褌褉械薪薪懈泄	morning	x	
alp蓹l	N	alp蓹l.|alpl.	N_even	褍褌褉芯	morning	x	
am	N	am.	N_odd	2SG		x	
am	N	am.	N_odd	Q		x	
aman	N	aman.	N_even	Q		x	
aml	V	aml.	V_odd	ASP		x	
amman	N	amman.	N_even	Q		x	
an'	N	an'.	N_odd	小械泄褔邪褋		x	
an'	N	an'.	N_odd	褋械褋褌褉邪	sister	x	
anja	N	anja.	N_even	袗薪褜褟		x	
an蓹	N	an蓹.	N_even	褔邪褕泻邪	cup	x	
ap蓹桑	N	ap蓹桑.|ap桑.	N_even	胁薪褍泻	grandson	x	
ap桑	N	ap桑.	N_odd	胁薪褍泻	grandson	x	
ar	ADJ	ar.	ADJ_odd	谐谢邪写泻懈泄	smooth	x	
art	V	art.	V_odd	褋锌芯褋芯斜	way	x	
as	N	as.	N_odd	芯褌胁械褉褋褌懈械	hole	x	
ast	V	ast.	V_odd	泻芯薪褔懈褌褜	finish	x	
at	N	at.	N_odd	褋芯斜懈褉邪褌褜	gather	x	
at=	X	at.	X_odd	NEG	NEG	x	
awi	N	awi.	N_even	写胁械褉褜	door	x	
axtas	N	axtas.	N_even	泻邪屑械薪褜	stone	x	
a艐kal	N	a艐kal.	N_even	褋褌胁芯谢	trunk	x	
a艐kwal	N	a艐kwal.	N_even	锌械薪褜	stump	x	
a艐kwal	N	a艐kwal.	N_even	褋褌胁芯谢	trunk	x	
a艐kwal	N	a艐kwal.	N_even	褋褌芯谢斜	pole	x	
a蓵	N	a蓵.	N_odd	芯褌械褑	father	x	
a桑i	N	a桑i.	N_even	写械胁褍褕泻邪	girl	x	
a桑蓹	N	a桑蓹.	N_even	写械胁褍褕泻邪	girl	x	
ekwa	N	ekwa.	N_even	卸械薪邪	wife	x	
ekwa	N	ekwa.	N_even	卸械薪褖懈薪邪	woman	x	
el	N	el.	N_odd	写邪谢械泻芯	far	x	
ela	N	ela.	N_even	胁锌械褉褢写	forward	x	
ela	N	ela.	N_even	写邪谢械泻芯	far	x	
eli	N	eli.	N_even	写邪谢械泻芯	far	x	
elm	N	elm.	N_odd	EMPH		x	
elmxolas	N	elmxolas.	N_odd	褔械谢芯胁械泻	person	x	
elumxolas	N	elumxolas.	N_even	褔械谢芯胁械泻	person	x	
ent	N	ent.	N_odd	芯锌芯褟褋邪褌褜	gird	x	
ep	N	ep.	N_odd	胁芯蟹写褍褏	air	x	
er	N	er.	N_odd	屑芯屑械薪褌	moment	x	
er	N	er.	N_odd	薪邪写芯	is.needed	x	
er	V	er.	V_odd	薪邪写谢械卸邪褌褜	be.needed	x	
er	V	er.	V_odd	薪邪写芯	is.needed	x	
er	V	er.	V_odd	薪褍卸写邪褌褜褋褟	need	x	
ert	N	ert.	N_odd	泻芯谐写邪	when	x	
ert	N	ert.	N_odd	屑芯屑械薪褌	moment	x	
ert	N	ert.	N_odd	褉邪蟹	time	x	
ertal	ADJ	ertal.	ADJ_even	薪械锌褉懈褟褌薪褘泄	unpleasant	x	
er蓹桑	N	er蓹桑.|er桑.	N_even	锌械褋薪褟	song	x	
er桑	N	er桑.	N_odd	锌械褋薪褟	song	x	
er桑	V	er桑.	V_odd	锌械褌褜	sing	x	
ete	N	ete.	N_even	薪芯褔褜	night	x	
eti	N	eti.	N_even	薪芯褔褜褞	at.night	x	
eti	V	eti.	V_even	胁械褔械褉	evening	x	
eti	V	eti.	V_even	薪芯褔褜褞	at.night	x	
e艐kaj	N	e艐kaj.	N_even	褋谢褍谐邪	servant	c	
i	N	i.	N_odd	ADD		x	
is	V	is.	V_odd	锌褉懈蟹械屑谢懈褌褜褋褟	land	x	
iti	N	iti.	N_even	胁械褔械褉	evening	x	
iti	V	iti.	V_even	胁械褔械褉	evening	x	
i啪wer	N	i啪wer.	N_even	蟹胁械褉褜	animal	x	
ja	N	ja.	N_odd	EMPH		x	
ja	N	ja.	N_odd	PTCL		x	
ja	N	ja.	N_odd	卸械	isn't.it	x	
jakt	V	jakt.	V_odd	写械谢懈褌褜	divide	x	
jal	V	jal.	V_odd	褋褏芯写懈褌褜	go	x	
jal	V	jal.	V_odd	褏芯写懈褌褜	walk	x	
jal	V	jal.	V_odd	褕邪谐邪褌褜	step	x	
jala	V	jala.	V_even	械蟹写懈褌褜	ride	x	
jalp	N	jalp.	N_odd	褋胁褟褌芯泄	holy	x	
jalp	N	jalp.	N_odd	褋胁褟褖械薪薪褘泄	sacred	x	
jalp蓹艐	ADJ	jalp蓹艐.|jalp艐.	ADJ_even	褋胁褟褌芯泄	holy	x	
jalp蓹艐	ADJ	jalp蓹艐.|jalp艐.	ADJ_even	褋胁褟褖械薪薪褘泄	sacred	x	
jan	ADJ	jan.	ADJ_odd	斜芯谢褜褕芯泄	big	x	
jan	N	jan.	N_odd	斜芯谢褜褕芯泄	big	x	
jan	N	jan.	N_odd	褉械泻邪	river	x	
jani桑	ADJ	jani桑.	ADJ_even	袘芯谢褜褕芯泄		x	
jani桑	ADJ	jani桑.	ADJ_even	斜芯谢褜褕芯泄	big	x	
jani桑	N	jani桑.	N_even	斜芯谢褜褕芯泄	big	x	
jani桑	V	jani桑.	V_even	斜芯谢褜褕芯泄	big	x	
jan蓹桑	V	jan蓹桑.|jan桑.	V_even	斜芯谢褜褕芯泄	big	x	
jan桑	N	jan桑.	N_odd	斜芯谢褜褕芯泄	big	x	
jarum	N	jarum.	N_even	斜械写邪	trouble	x	
jat	N	jat.	N_odd	褋械褉械写懈薪邪	middle	x	
ja艐k	N	ja艐k.	N_odd	斜械谢褘泄	white	x	
ja艐k	N	ja艐k.	N_odd	斜械谢褘泄/谢褢写		x	
ja桑a桑i	N	ja桑a桑i.	N_odd	褋械褋褌褉邪	sister	x	
ja桑pi桑	N	ja桑pi桑.	N_even	斜褉邪褌	brother	x	
ja桑膩桑i	N	ja桑膩桑i.	N_odd	褋械褋褌褉邪	sister	x	
jekwar	N	jekwar.	N_even	泻芯褉械薪褜	root	c	
jemt	V	jemt.	V_odd	褋谢褍褔邪褌褜褋褟	happen	x	
jemt	V	jemt.	V_odd	褋褌邪褌褜	become	x	
ji	V	ji.	V_odd	胁芯泄褌懈	enter	x	
ji	V	ji.	V_odd	锌褉懈泄褌懈	come	x	
jik	N	jik.	N_odd	胁邪谢械卸薪懈泻	windfall	c	
jip蓹桑	N	jip蓹桑.|jip桑.	N_even	褎懈谢懈薪	eagle.owl	x	
jis	N	jis.	N_odd	写褉械胁薪懈泄	ancient	x	
jiti	N	jiti.	N_even	薪芯褔褜	night	x	
jiw	N	jiw.	N_odd	袛械褉械胁芯		x	
jol	N	jol.	N_odd	胁薪懈蟹褍	below	x	
jol	N	jol.	N_odd	褋懈写械薪懈械	seat	x	
jola	N	jola.	N_even	胁薪懈蟹	down	x	
jom	V	jom.	V_odd	懈写褌懈	go	x	
jomas	ADJ	jomas.	ADJ_even	啸芯褉芯褕懈泄		x	
jomas	N	jomas.	N_even	褏芯褉芯褕芯	well	x	
joma蓵	N	joma蓵.	N_even	褏芯褉芯褕芯	well	x	
jom蓵akw	N	jom蓵akw.	N_even	褏芯褉芯褕械薪褜泻芯	thoroughly	x	
jor	V	jor.	V_odd	屑械写谢械薪薪芯褋褌褜	slowness	x	
jos	N	jos.	N_odd	褋芯泻芯谢	falcon	c	
josa	N	josa.	N_even	谢褘卸懈	skis	x	
jowt	N	jowt.	N_odd	谢褍泻	bow	x	
jowt	N	jowt.	N_odd	褋褌褉械谢邪	arrow	x	
jox	V	jox.	V_odd	胁褉邪褖邪褌褜褋褟	rotate	x	
joxt	V	joxt.	V_odd	懈写褌懈	go	x	
joxt	V	joxt.	V_odd	褏芯写懈褌褜	walk	x	
joxte	V	joxte.	V_even	锌褉懈泄褌懈	come	x	
jo艐x	V	jo艐x.	V_odd	胁褉邪褖邪褌褜褋褟	rotate	x	
jo艐x	V	jo艐x.	V_odd	泻褉褍卸懈褌褜褋褟	spin	x	
jo虂xt	V	jo虂xt.	V_odd	锌褉懈泄褌懈	come	x	
jo虂艐x	V	jo虂艐x.	V_odd	泻褉褍卸懈褌褜褋褟	spin	x	
ju	N	ju.	N_odd	蟹邪写	back	x	
ju	V	ju.	V_odd	懈写褌懈	go	x	
jui	N	jui.	N_even	胁薪褍褌褉褜	inside	x	
jui	N	jui.	N_even	蟹邪写	back	x	
jui	N	jui.	N_even	薪邪蟹邪写	back	x	
jui	N	jui.	N_even	褋蟹邪写懈	behind	x	
juji	N	juji.	N_even	蟹邪写	back	x	
jun	V	jun.	V_odd	写芯屑邪	at.home	x	
junt	N	junt.	N_odd	褕懈褌褜	sew	x	
jur蓵	V	jur蓵.	V_odd	锌芯写褉褍卸懈褌褜	befriend	x	
juw	N	juw.	N_odd	3SG		x	
juw	N	juw.	N_odd	袙薪褍褌褉褜		x	
juw	N	juw.	N_odd	屑褍泻邪	flour	x	
juw	N	juw.	N_odd	薪邪蟹邪写	back	x	
juw	N	juw.	N_odd	褋褌芯褉芯薪褍		x	
juw	V	juw.	V_odd	懈写褌懈	go	x	
juwl猫	N	juwl猫.	N_odd	薪邪蟹邪写	back	x	
j墨	V	j墨.	V_odd	懈写褌懈	walk	x	
j艒m	V	j艒m.	V_odd	懈写褌懈	go	x	
j艒n桑	V	j艒n桑.	V_odd	懈谐褉邪褌褜	play	x	
j艒n桑蓹艐t	V	j艒n桑蓹艐t.|j艒n桑艐t.	V_even	薪邪懈谐褉褘胁邪褌褜	play	x	
kaj	N	kaj.	N_odd	褝泄	hey	x	
kaj	V	kaj.	V_odd	斜邪谢芯胁邪褌褜褋褟	play.around	c	
kal'	N	kal'.	N_odd	褋邪屑泻邪	female	c	
kan	N	kan.	N_odd	锌谢芯褖邪写褜	square	x	
kan	V	kan.	V_odd	蟹谢芯	evil	x	
kan'蓵	V	kan'蓵.	V_odd	褋芯褏薪褍褌褜	dry	x	
kant	N	kant.	N_odd	蟹谢芯	evil	x	
kant	V	kant.	V_odd	蟹谢芯	evil	x	
kapaj	ADJ	kapaj.	ADJ_even	胁械谢懈泻懈泄	great	x	
kapjan	N	kapjan.	N_even	泻邪锌褜褟薪	kapyan	x	
kars	N	kars.	N_odd	胁褘褋芯泻懈泄	tall	x	
kasal	V	kasal.	V_even	蟹邪屑械褔邪褌褜	notice	x	
kastak	N	kastak.	N_even	褋褌芯谢	table	c	
kat	N	kat.	N_odd	褉褍泻邪	hand	x	
kat	N	kat.	N_odd	褉褍泻懈	hands	x	
ke	N	ke.	N_odd	3SG		x	
ke	N	ke.	N_odd	械褋谢懈	if	x	
kem	N	kem.	N_odd	屑邪薪械褉邪	manner	x	
kem	N	kem.	N_odd	褝薪械褉谐懈褟/APPR		x	
kem	X	kem.//k膿m	X_odd	APPR	APPR	x	
ker	V	ker.	V_odd	蟹邪锌褉褟褔褜	harness	x	
ket	V	ket.	V_odd	锌芯褋谢邪褌褜	send	x	
ke艐蓹n	N	ke艐蓹n.|ke艐n.	N_even	锌褍谐芯胁懈褑邪	button	c	
kins	V	kins.	V_odd	芯褌褘褋泻懈胁邪褌褜	search	x	
kirt蓹x	N	kirt蓹x.|kirtx.	N_even	袣懈褉褌褘褏		c	
kis	V	kis.	V_odd	懈褋泻邪褌褜	search	x	
kislakw	N	kislakw.	N_even	泻褉褍谐芯屑	around	x	
kismaj	V	kismaj.	V_even	褉褘褌褜	dig	x	
kis桑	N	kis桑.	N_odd	褋胁懈褋褌械褌褜	whistle	x	
kit	N	kit.	N_odd	写胁械	two	x	
kit	V	kit.	V_odd	褋锌褉芯褋懈褌褜	ask	x	
kitt	N	kitt.	N_odd	写胁邪	two	x	
kitxujplow	V	kitxujplow.	V_odd	写胁械薪邪写褑邪褌褜	twelve	x	
kit蓹nti桑	N	kit蓹nti桑.	N_odd	胁褌芯褉懈褔薪芯	secondary	x	
kit蓹桑	V	kit蓹桑.|kit桑.	V_even	写胁邪	two	x	
kit蓹桑l	V	kit蓹桑l.|kit桑l.	V_even	褋锌褉邪褕懈胁邪褌褜	ask	x	
kit桑	V	kit桑.	V_odd	写胁邪	two	x	
kiw	N	kiw.	N_odd	泻邪屑械薪褜	stone	x	
kiwer	N	kiwer.	N_even	薪褍褌褉芯	insides	x	
kona	N	kona.	N_even	薪邪褉褍卸褍	outside	x	
kona	N	kona.	N_even	褋薪邪褉褍卸懈	outside	x	
kos	N	kos.	N_odd	胁屑械褋褌械	together	x	
kos	N	kos.	N_odd	泻芯谐芯褌褜	claw	x	
kos	N	kos.	N_odd	褏芯褌褜	at.least	x	
kotli	N	kotli.	N_even	褋械褉械写懈薪邪	middle	x	
ko蓵aj	V	ko蓵aj.	V_even	褏芯蟹褟懈薪	host	x	
kupn	ADJ	kupn.	ADJ_odd	谢褢谐泻懈泄	light	x	
kur	N	kur.	N_odd	锌械褔泻邪	stove	x	
kura蓵	N	kura蓵.	N_even	胁械薪懈泻	broom	c	
kut'uw	N	kut'uw.	N_even	褏芯蟹褟懈薪	host	x	
kwal	V	kwal.	V_odd	胁褋褌邪胁邪褌褜	get.up	x	
kwal	V	kwal.	V_odd	胁褋褌邪褌褜	stand	x	
kwal	V	kwal.	V_odd	胁褘泄褌懈	go.out	x	
kwal蓹桑	N	kwal蓹桑.|kwal桑.	N_even	胁械褉褢胁泻邪	rope	x	
kwal桑	V	kwal桑.	V_odd	褋泻邪蟹邪褌褜	say	x	
kys	V	kys.	V_even	褏芯褌械褌褜	want	x	
k膿l蓹桑	N	k膿l蓹桑.|k膿l桑.	N_even	斜芯谢芯褌芯	swamp	x	
k膿m	N	k膿m.	N_odd	APPR		x	
k膿r	N	k膿r.	N_odd	卸械谢械蟹芯	iron	x	
l	V	l.	V_even	褋褌褉械谢褟褌褜	shoot	x	
l'ap	N	l'ap.	N_odd	斜谢懈蟹泻芯	close	x	
l'a桑	V	l'a桑.	V_odd	谐芯胁芯褉懈褌褜	speak	x	
l'ou	N	l'ou.	N_even	谢械胁	lion	x	
l'ox	N	l'ox.	N_odd	写芯褉芯谐邪	road	x	
l'o艐x	N	l'o艐x.	N_odd	写芯褉芯谐邪	road	x	
l'ul	V	l'ul.	V_odd	褋褌芯褟褌褜	stand	x	
l'ul'	ADJ	l'ul'.	ADJ_odd	锌谢芯褏芯泄	bad	x	
l'ul'	N	l'ul'.	N_odd	锌谢芯褏芯	bad	x	
l'ul'	N	l'ul'.	N_odd	褋褌芯褟褌褜	stand	x	
l'ul'	V	l'ul'.	V_odd	褋褌芯褟褌褜	stand	x	
l'ul's蓹艐	N	l'ul's蓹艐.|l'ul's艐.	N_even	锌谢芯褏芯	bad	x	
l'un's	V	l'un's.	V_odd	袩谢邪泻邪褌褜		x	
l'un'蓵	V	l'un'蓵.	V_odd	锌谢邪泻邪褌褜	cry	x	
l'un蓵'	V	l'un蓵'.	V_odd	锌谢邪泻邪褌褜	cry	x	
l'艒艐x	V	l'艒艐x.	V_odd	锌褍褌褜	path	x	
l'奴l	V	l'奴l.	V_odd	胁褋褌邪褌褜	stand	x	
l'奴l	V	l'奴l.	V_odd	褋褌芯褟褌褜	stand	x	
l'奴l'	V	l'奴l'.	V_odd	胁褋褌邪褌褜	stand	x	
laj	V	laj.	V_odd	斜褉芯褋懈褌褜	throw	x	
laj	V	laj.	V_odd	褋褌褉械谢褟褌褜	shoot	x	
laps	V	laps.	V_odd	胁蟹谢械褌械褌褜	take.off	x	
lapsa	V	lapsa.	V_even	锌芯写薪懈屑邪褌褜褋褟	rise	x	
lar	V	lar.	V_odd	泻褉褍褌懈褌褜褋褟	turn	x	
law	N	law.	N_odd	薪械薪邪胁懈褋褌褜	hatred	x	
law	V	law.	V_odd	袚芯胁芯褉懈褌褜		x	
law	V	law.	V_odd	胁械褉褢胁泻邪	rope	x	
law	V	law.	V_odd	谐芯胁芯褉懈褌褜	speak	x	
law	V	law.	V_odd	褋泻邪蟹邪褌褜	say	x	
lawlt	V	lawlt.	V_odd	谐芯胁芯褉懈褌褜	speak	x	
laws	N	laws.	N_odd	芯斜械褖邪薪懈械	promise	x	
laws	V	laws.	V_odd	谐芯胁芯褉懈褌褜	speak	x	
la桑l	N	la桑l.	N_odd	薪芯谐懈	legs	x	
la桑蓹l	N	la桑蓹l.|la桑l.	N_even	薪芯谐懈	legs	x	
lep	N	lep.	N_odd	锌芯泻褉褘褌褜	cover	x	
lep	V	lep.	V_odd	锌芯泻褉褘褌褜	cover	x	
lew	V	lew.	V_odd	胁褘褌邪褖懈褌褜	pull.out	x	
le艐n	N	le艐n.	N_odd	斜械谢泻邪	squirrel	x	
le艐xn	N	le艐xn.	N_odd	斜械谢泻邪	squirrel	x	
le艐x蓹n	N	le艐x蓹n.|le艐xn.	N_even	斜械谢泻邪	squirrel	x	
li	V	li.	V_odd	斜褉芯褋懈褌褜	throw	x	
lil	N	lil.	N_odd	写褘褏邪薪懈械	breath	x	
lil	V	lil.	V_odd	写褘褏邪薪懈械	breath	x	
lili	N	lili.	N_even	卸懈蟹薪褜	life	x	
lolta	N	lolta.	N_even	蟹邪锌谢邪褌邪		c	
lomij	V	lomij.	V_even	锌芯谢蟹褌懈	crawl	c	
lopi	N	lopi.	N_even	泻芯褉褟谐邪	snag	c	
lop蓹l	N	lop蓹l.|lopl.	N_even	薪邪	on	c	
lot	N	lot.	N_odd	褑械薪薪芯褋褌褜	value	c	
lo艐	V	lo艐.	V_odd	泻褉懈褔邪褌褜	shout	x	
lo艐i	N	lo艐i.	N_even	褋芯斜邪泻邪	dog	x	
lo艐x	N	lo艐x.	N_odd	写芯褉芯谐邪	road	x	
lo艐xal'蓵ap	N	lo艐xal'蓵ap.	N_odd	泻芯谢芯泻芯谢褜褔懈泻	bell	x	
lo艐xit	V	lo艐xit.	V_even	蟹邪斜芯谢械胁邪褌褜	fall.ill	x	
lui	N	lui.	N_even	褋械胁械褉	north	x	
luli	N	luli.	N_even	谐邪谐邪褉邪	loon	x	
lyw	N	lyw.	N_even	谢芯褕邪写褜	horse	x	
l膩蓵	N	l膩蓵.	N_odd	屑械写谢械薪薪芯	slowly	x	
l膩蓵al	N	l膩蓵al.	N_even	屑械写谢械薪薪芯	slowly	x	
l膿w	N	l膿w.	N_odd	谢械胁	lion	x	
l艒艐xit	V	l艒艐xit.	V_even	斜懈褌褜	hit	x	
l奴	N	l奴.	N_odd	泻芯褋褌褜	bone	x	
l蓹桑	N	l蓹桑.	N_odd	DISC		x	
l蓹桑t	N	l蓹桑t.	N_odd	DISC		x	
m	V	m.	V_even	写邪褌褜	give	x	
ma	N	ma.	N_odd	蟹械屑谢褟	earth	x	
ma	V	ma.	V_odd	写邪褌褜	give	x	
maj	N	maj.	N_odd	1PL		x	
maj	N	maj.	N_odd	胁械写褜	isn't.it	x	
maj	V	maj.	V_odd	写邪褌褜	give	x	
mal	N	mal.	N_odd	斜谢邪谐芯褋芯褋褌芯褟褌械谢褜薪邪褟	rich	x	
man	N	man.	N_odd	1PL		x	
man	N	man.	N_odd	2SG		x	
man	V	man.	V_odd	锌芯褉胁邪褌褜	tear	x	
mana	N	mana.	N_even	Q		x	
manr	N	manr.	N_odd	褔褌芯	what	x	
manur	N	manur.	N_even	褔褌芯	what	x	
marl	V	marl.	V_odd	芯泻褉褍卸懈褌褜	surround	c	
mas	V	mas.	V_odd	芯写械胁邪褌褜	dress	x	
mas	V	mas.	V_odd	芯写械胁邪褌褜褋褟	get.dressed	x	
mat蓹r	N	mat蓹r.|matr.	N_even	INDEF		x	
maxr	N	maxr.	N_odd	屑邪屑芯薪褌	mammoth	x	
ma桑um	N	ma桑um.	N_even	薪邪褉芯写	people	x	
mej	N	mej.	N_odd	1DU		x	
men	N	men.	N_odd	1DU		x	
men	N	men.	N_odd	OBL		x	
mes桑	N	mes桑.	N_odd	懈蟹胁懈谢懈薪邪	gyrus	x	
me艐ki	N	me艐ki.	N_even	1DU		x	
me艐kw	N	me艐kw.	N_odd	屑械薪泻胁	giant	x	
min	N	min.	N_odd	懈写褌懈	go	x	
min	N	min.	N_odd	泻芯屑薪邪褌邪	room	x	
min	V	min.	V_odd	懈写褌懈	go	x	
mina	V	mina.	V_even	懈写褌懈	go	x	
mine	N	mine.	N_even	懈写褌懈	go	x	
mir	N	mir.	N_odd	屑懈褋	Mis	x	
mir	N	mir.	N_odd	芯斜褖械褋褌胁芯	society	x	
mis	N	mis.	N_odd	锌褉懈胁械写械薪懈械	ghost	x	
mol	ADJ	mol.	ADJ_odd	锌褉芯褕谢褘泄	past	x	
mol	N	mol.	N_odd	锌褉芯褕谢褘泄	past	x	
mol'	N	mol'.	N_odd	褋泻芯褉芯	soon	x	
mol'	V	mol'.	V_odd	褋泻芯褉芯	soon	x	
mol'ax	N	mol'ax.	N_even	斜褘褋褌褉芯	quickly	x	
mol'ax	V	mol'ax.	V_even	斜褘褋褌褉褘泄	fast	x	
mol蓹艐	ADJ	mol蓹艐.|mol艐.	ADJ_even	斜芯谐邪褌褘泄	rich	x	
mont	N	mont.	N_odd	薪械写邪胁薪芯	recently	x	
mor	ADJ	mor.	ADJ_odd	写褉褟薪芯泄	shabby	x	
mos	V	mos.	V_odd	斜芯谢械蟹薪褜	sickness	x	
mot	N	mot.	N_odd	写褉褍谐芯泄	another	x	
motan	N	motan.	N_even	写褉褍谐芯泄	another	x	
mo蓵	N	mo蓵.	N_odd	屑邪谢芯	little	x	
mo蓵	V	mo蓵.	V_odd	屑邪谢芯	little	x	
mo蓵ne	N	mo蓵ne.	N_even	袦芯褖薪褝		x	
mo蓵蓵a	N	mo蓵蓵a.	N_even	薪械屑薪芯谐芯	a.little	x	
muj	V	muj.	V_odd	谐芯褋褌褜	guest	x	
mujle	N	mujle.	N_even	谐芯褋褌褜	guest	x	
muli	ADJ	muli.	ADJ_even	锌械褉械写薪懈泄	front	x	
mul桑a	N	mul桑a.	N_even	胁芯泻褉褍谐	around	x	
muw蓹l	N	muw蓹l.|muwl.	N_even	胁芯泻褉褍谐	around	x	
muw蓹r	N	muw蓹r.|muwr.	N_odd	写褍斜懈薪邪	club	x	
m膩	N	m膩.	N_odd	屑械褋褌芯	place	x	
m膩m	N	m膩m.	N_odd	蟹械屑谢褟	earth	x	
m膩n	N	m膩n.	N_odd	懈谢懈	or	x	
m膩na	ADJ	m膩na.	ADJ_even	泻邪泻芯泄	what.kind	x	
m艒tan	ADJ	m艒tan.	ADJ_even	写褉褍谐芯泄	another	x	
m奴wal	N	m奴wal.	N_even	胁芯泻褉褍谐	around	x	
m蓹桑蓹s	N	m蓹桑蓹s.|m蓹桑s.	N_even	写谢褟	for	x	
n'ak蓵	V	n'ak蓵.	V_odd	褕谢褢锌邪褌褜	slap	c	
n'al	N	n'al.	N_odd	谢褍泻	bow	x	
n'al	N	n'al.	N_odd	褋褌褉械谢邪	arrow	x	
n'al	V	n'al.	V_odd	褋褌褉械谢邪	arrow	x	
n'ali	N	n'ali.	N_even	褋褌褉械谢邪	arrow	x	
n'alla艐	N	n'alla艐.	N_even	袧褟谢褜褌褜械		x	
n'aul	V	n'aul.	V_even	写芯谐薪邪褌褜	catch.up	x	
n'aul	V	n'aul.	V_even	锌芯谐薪邪褌褜	chase	x	
n'aul	V	n'aul.	V_even	锌褉芯谐薪邪褌褜	chase.away	x	
n'awram	N	n'awram.	N_even	褉械斜褢薪芯泻	child	x	
n'awram	V	n'awram.	V_even	懈写褌懈	go	x	
n'a艐ra	N	n'a艐ra.	N_even	褋褍褉芯胁褘泄	harsh	x	
n'il	N	n'il.	N_odd	褔械褌褘褉械	four	x	
n'ol	N	n'ol.	N_odd	屑褘褋/薪芯褋		x	
n'or	V	n'or.	V_odd	谐芯褉邪	mountain	x	
n'owl'	N	n'owl'.	N_odd	屑褟褋芯	meat	x	
n'ow蓹l	N	n'ow蓹l.|n'owl.	N_even	屑褟褋芯	meat	x	
n'oxs	N	n'oxs.	N_odd	褋芯斜芯谢褜	sable	x	
n'usm	N	n'usm.	N_odd	褉芯写褋褌胁械薪薪懈泻	relative	c	
n'uw	V	n'uw.	V_odd	写胁懈谐邪褌褜褋褟	move	x	
n'膿蓵e	N	n'膿蓵e.	N_even	袧械褖械		x	
na	N	na.	N_odd	薪邪	on	x	
nal	N	nal.	N_odd	褉褍泻芯褟褌泻邪	handle	c	
nal	N	nal.	N_odd	褋芯褉芯泻	forty	x	
namt	V	namt.	V_odd	写褍屑邪褌褜	think	x	
nar	N	nar.	N_odd	褌芯谢泻薪褍褌褜	push	x	
nar	V	nar.	V_odd	褌芯谢泻薪褍褌褜	push	x	
nar蓹艐	ADJ	nar蓹艐.|nar艐.	ADJ_even	写械褉蟹泻懈泄	cheeky	x	
nas	N	nas.	N_odd	蟹褉褟	in.vain	x	
nas	N	nas.	N_odd	锌褉芯褋褌芯	just	x	
nas	N	nas.	N_odd	锌褉芯褋褌芯泄	simple	x	
naul	V	naul.	V_even	锌芯谐薪邪褌褜	chase	x	
na艐	N	na艐.	N_odd	1SG		x	
na艐	N	na艐.	N_odd	2SG		x	
na艐	N	na艐.	N_odd	3SG		x	
na艐	N	na艐.	N_odd	胁薪懈蟹	down	x	
na艐	N	na艐.	N_odd	褋谢芯胁薪芯	as.if	x	
na艐	N	na艐.	N_odd	褌褘	you	x	
na艐	V	na艐.	V_odd	2SG		x	
na艐k	N	na艐k.	N_odd	胁懈写薪械褌褜褋褟	be.seen	x	
na艐k	N	na艐k.	N_odd	谢懈褋褌胁械薪薪懈褑邪	larch	x	
ne	N	ne.	N_odd	NEG		x	
ne	N	ne.	N_odd	卸械薪褖懈薪邪	woman	x	
ne	V	ne.	V_odd	锌芯泻邪蟹邪褌褜褋褟	appear	x	
nejl	V	nejl.	V_odd	锌芯泻邪蟹邪褌褜褋褟	appear	x	
nematr	N	nematr.	N_even	薪懈褔械谐芯	nothing	x	
nemat蓹r	N	nemat蓹r.	N_odd	薪懈褔械谐芯	nothing	x	
nen	N	nen.	N_odd	2DU		x	
nepak	N	nepak.	N_even	褔械谢芯胁械泻	person	x	
ne桑	V	ne桑.	V_odd	锌褉懈胁褟蟹邪褌褜	tie	x	
ne桑l	V	ne桑l.	V_odd	锌芯泻邪蟹邪褌褜褋褟	appear	x	
n膿m	X	n膿m.	X_odd	PRON.NEG	PRON.NEG	x	
nom	V	nom.	V_odd	写褍屑邪褌褜	think	x	
noms	V	noms.	V_odd	写褍屑邪褌褜	think	x	
not'ja	N	not'ja.	N_even	薪芯写褜褟	slow.log.bonfire	c	
notja	N	notja.	N_even	薪芯写褜褟	slow.log.bonfire	x	
noutup	N	noutup.	N_odd	褕邪斜械褉		c	
nox	N	nox.	N_odd	胁械褉褏	top	x	
nox	N	nox.	N_odd	薪邪胁械褉褏	up	x	
no艐x	N	no艐x.	N_odd	袙胁械褉褏		x	
no艐xa	N	no艐xa.	N_even	薪邪胁械褉褏	up	x	
numi	N	numi.	N_even	胁械褉褏薪懈泄	upper	x	
num蓹	N	num蓹.	N_even	胁械褉褏薪懈泄	upper	x	
nup蓹l	N	nup蓹l.|nupl.	N_even	胁	in	x	
nuw	N	nuw.	N_odd	3SG		x	
nys	N	nys.	N_even	斜械写薪褘泄	poor	x	
nysa	N	nysa.	N_odd	斜械写薪褘泄	poor	x	
n膩n	N	n膩n.	N_odd	2PL		x	
n膿	N	n膿.	N_odd	卸械薪邪	wife	x	
n艒艐x	N	n艒艐x.	N_odd	胁胁械褉褏	up	x	
o	N	o.	N_odd	袨		x	
o	V	o.	V_odd	斜褘褌褜	be	x	
oj	V	oj.	V_odd	锌懈褌褜	drink	x	
oj	V	oj.	V_odd	褍褋薪褍褌褜	fall.asleep	x	
ojka	N	ojka.	N_even	屑褍卸	husband	x	
ojka	N	ojka.	N_even	屑褍卸褔懈薪邪	man	x	
ol	N	ol.	N_odd	蟹械屑谢褟	earth	x	
ol	V	ol.	V_odd	斜褘褌褜	be	x	
ol	V	ol.	V_odd	卸懈褌褜	live	x	
ole	V	ole.	V_even	斜褘褌褜	be	x	
ole	V	ole.	V_even	卸懈褌褜	live	x	
oln	N	oln.	N_odd	褋械褉械斜褉芯	silver	x	
oln	V	oln.	V_odd	褋械褉械斜褉芯	silver	x	
on'蓵	V	on'蓵.	V_odd	懈屑械褌褜	have	x	
on'蓵	V	on'蓵.	V_odd	褉芯写懈褌褜	give.birth	x	
on'桑a	N	on'桑a.	N_even	薪械胁械褋褌泻邪	daughter.in.law	x	
ont	V	ont.	V_odd	锌褉懈斜褘褌褜	arrive	c	
on蓵	V	on蓵.	V_odd	懈屑械褌褜	have	x	
os	ADJ	os.	ADJ_odd	褌芯谢褋褌褘泄	thick	x	
os	N	os.	N_odd	3SG		x	
os	N	os.	N_odd	ADD		x	
os	N	os.	N_odd	袙芯蟹屑芯卸薪芯褋褌褜	possibility	x	
os	N	os.	N_odd	褌芯谢褋褌褘泄	thick	x	
os	N	os.	N_odd	褌芯褌	that	x	
ot	ADJ	ot.	ADJ_odd	谢邪褋泻芯胁褘泄	affectionate	x	
oter	N	oter.	N_even	斜芯谐邪褌褘褉褜	hero	x	
otr	N	otr.	N_odd	斜芯谐邪褌褘褉褜	hero	x	
oule	N	oule.	N_odd	泻芯薪械褑	end	x	
owl	N	owl.	N_odd	胁懈薪邪	guilt	x	
owl	N	owl.	N_odd	泻芯薪械褑	end	x	
ow蓹l	N	ow蓹l.|owl.	N_even	胁懈薪邪	guilt	c	
ow蓹l	N	ow蓹l.|owl.	N_even	泻芯薪械褑	end	x	
oxsar	N	oxsar.	N_even	谢懈褋懈褑邪	fox	x	
oxsar	V	oxsar.	V_even	谢懈褋邪	fox	x	
o蓵	N	o蓵.	N_odd	锌谢械褌械薪褜	fence	x	
o蓵	V	o蓵.	V_odd	懈屑械褌褜	have	x	
o蓵mar	V	o蓵mar.	V_even	褏懈褌褉芯褋褌褜	cunning	x	
p	N	p.	N_even	袩		x	
paj	N	paj.	N_odd	谐芯褉邪	mountain	x	
pajp	N	pajp.	N_odd	锌邪泄胁邪		x	
pal'	N	pal'.	N_odd	褍褏芯	ear	x	
pal'tilt	V	pal'tilt.	V_even	褍褋谢褘褕邪褌褜	hear	x	
pali	N	pali.	N_even	写谢懈薪邪	length	x	
palt	N	palt.	N_odd	胁	in	x	
palt	N	palt.	N_odd	褔邪褋褌褜	part	x	
palt	V	palt.	V_odd	褉邪蟹卸械褔褜	kindle	x	
pan'蓵i	ADJ	pan'蓵i.	ADJ_even	锌褉芯褋褌芯泄	simple	c	
pas	N	pas.	N_odd	锌褉械写械谢	limit	c	
pas蓹n	N	pas蓹n.|pasn.	N_even	褋褌芯谢	table	x	
pat	N	pat.	N_odd	锌邪写邪褌褜	fall	x	
pat	N	pat.	N_odd	褌芯谢褜泻芯	only	x	
pat	N	pat.	N_odd	褍褌泻邪	duck	x	
pat	V	pat.	V_odd	薪邪褔邪褌褜	start	x	
pat	V	pat.	V_odd	褋褌邪褌褜	become	x	
pat	V	pat.	V_odd	褍锌邪褋褌褜	fall	x	
patr	V	patr.	V_odd	褋泻褉褘褌褜褋褟	hide	x	
pats	N	pats.	N_odd	薪邪褔邪褌褜	start	x	
patt	V	patt.	V_odd	褍褉芯薪懈褌褜	drop	x	
patta	N	patta.	N_even	泻芯薪械褑	end	x	
patta	N	patta.	N_even	锌芯谢芯蟹褜褟	slides	x	
pat蓹r	V	pat蓹r.|patr.	V_even	懈褋褔械蟹邪褌褜	disappear	x	
paul	N	paul.	N_even	写械褉械胁薪褟	village	x	
pawar	V	pawar.	V_even	褋胁械褉谐薪褍褌褜褋褟	topple	x	
pawl	N	pawl.	N_odd	锌芯褋褢谢芯泻	village	x	
paxt	V	paxt.	V_odd	斜褉芯褋懈褌褜	throw	x	
pa艐k	V	pa艐k.	V_odd	谐褉褟蟹褜	mud	x	
pel	V	pel.	V_odd	锌褉芯泻芯谢	puncture	x	
pel	V	pel.	V_odd	锌褉芯褌泻薪褍褌褜	pierce	x	
pelp	N	pelp.	N_odd	芯褋褌褉褘泄	sharp	x	
pen	V	pen.	V_odd	胁谢芯卸懈褌褜	put.in	x	
per	N	per.	N_odd	斜褉褍褋	beam	c	
perj	V	perj.	V_odd	胁褘斜褉邪褌褜	choose	x	
pes	N	pes.	N_odd	锌褉械卸写械	before	x	
pet	V	pet.	V_odd	芯锌褍褋泻邪褌褜	lower	x	
pe蓵	N	pe蓵.	N_odd	斜械写褉芯	thigh	x	
pe桑r	V	pe桑r.	V_odd	芯斜芯蟹薪邪褌褜褋褟	be.mistaken	褋	
pe虂rmt	V	pe虂rmt.	V_odd	锌芯胁械褉薪褍褌褜	turn	x	
pin	V	pin.	V_odd	泻谢邪褋褌褜	lay	x	
pin	V	pin.	V_odd	褋褌邪胁懈褌褜	put	x	
pirwa	N	pirwa.	N_even	褍褌泻邪	duck	x	
pi桑	N	pi桑.	N_odd	屑邪谢褜褔懈泻	boy	x	
pi桑ri蓵	N	pi桑ri蓵.	N_even	屑邪谢褜褔懈泻	boy	x	
pojk	V	pojk.	V_odd	屑芯谢懈褌胁邪	prayer	x	
pojk	V	pojk.	V_odd	屑芯谢褜斜邪	plea	x	
pojt	V	pojt.	V_odd	锌械褉械褋褌邪褌褜	cease	x	
pojt	V	pojt.	V_odd	褍褋锌芯泻芯懈褌褜褋褟	calm.down	x	
pon	V	pon.	V_odd	写邪胁懈褌褜	press	c	
pon	V	pon.	V_odd	褋褍褔懈褌褜		x	
ponal	N	ponal.	N_even	泻褉邪锌懈胁邪	nettle	c	
por	N	por.	N_odd	胁褉械屑褟	time	x	
por	N	por.	N_odd	锌芯	by	x	
pori	N	pori.	N_even	锌芯锌械褉械褔薪褘泄	transverse	c	
porne	N	porne.	N_even	袩芯褉薪褝		x	
pors	V	pors.	V_odd	褋芯褉	litter	x	
porx	N	porx.	N_odd	褌褍谢芯胁懈褖械	torso	x	
por蓹桑	V	por蓹桑.|por桑.	V_even	锌褉褘谐邪褌褜	jump	x	
pos	V	pos.	V_odd	谐薪邪褌褜	chase	x	
pos	V	pos.	V_odd	谐薪邪褌褜(褋泻芯褌)		x	
pos	V	pos.	V_odd	写芯懈褌褜(泻芯褉芯胁)		x	
posum	N	posum.	N_even	泻芯褉屑邪	stern	c	
poter	N	poter.	N_even	褉邪蟹谐芯胁芯褉	conversation	x	
poti	N	poti.	N_even	谐褉褍写褜	chest	c	
pot蓹lma	N	pot蓹lma.	N_odd	褕褍屑	noise	x	
pot蓹r	N	pot蓹r.|potr.	N_even	褉械褔褜	speech	x	
pot蓹r	V	pot蓹r.|potr.	V_even	褉械褔褜	speech	x	
powart	V	powart.	V_even	胁褘泻邪褌褘胁邪褌褜	roll.out	x	
pox	N	pox.	N_odd	褋褌芯褉芯薪邪	side	x	
poxatur	N	poxatur.	N_odd	斜芯谐邪褌褘褉褜	hero	x	
poxs	N	poxs.	N_odd	褋胁懈褖	fistula	c	
poxt	N	poxt.	N_odd	锌褉懈褔邪谢懈褌褜	moor	x	
poxt	V	poxt.	V_odd	锌褉懈褋褌邪褌褜	harass	x	
poxt	V	poxt.	V_odd	锌褉懈褔邪谢懈褌褜	moor	x	
poxt	V	poxt.	V_odd	褋褏胁邪褌懈褌褜	grab	x	
po艐	N	po艐.	N_odd	褋褌邪写芯	herd	x	
po艐	V	po艐.	V_odd	薪邪褉胁邪褌褜	pick	x	
po蓵桑	V	po蓵桑.	V_odd	胁懈褌褜	twist	褋	
ppwo	N	ppwo.	N_odd	斜芯谐邪褌褘褉褜	hero	x	
puki	N	puki.	N_even	斜褉褞褏芯	belly	x	
pulpe	N	pulpe.	N_even	锌褉芯斜泻邪	cork	x	
pum	N	pum.	N_odd	孝褉邪胁邪		x	
pup	N	pup.	N_odd	褍褕泻芯	ear	x	
pupa	N	pupa.	N_even	写褍褏	spirit	x	
pup墨桑	N	pup墨桑.	N_even	锌芯泻褉芯胁懈褌械谢褜	patron	x	
pur	V	pur.	V_odd	锌懈褉	feast	x	
pus	N	pus.	N_odd	胁褋械	everybody	x	
pus	N	pus.	N_odd	褑械谢褘泄	whole	x	
pus	V	pus.	V_odd	芯褌泻褉褘褌褜	open	x	
pus	V	pus.	V_odd	褑械谢褘泄	whole	x	
pusen	N	pusen.	N_even	胁褋械	everybody	x	
pusen	N	pusen.	N_even	胁褋褢	everything	x	
pusm	V	pusm.	V_odd	胁褘谢械褔懈褌褜褋褟	be.cured	x	
pus蓹n	ADJ	pus蓹n.|pusn.	ADJ_even	褑械谢褘泄	whole	x	
putra	V	putra.	V_even	褋泻褉褘褌褜	hide	c	
puw	V	puw.	V_odd	写械褉卸邪褌褜	hold	x	
puw	V	puw.	V_odd	褋褏胁邪褌懈褌褜	grab	x	
puwl	V	puwl.	V_odd	泻褍锌邪褌褜褋褟	bathe	x	
puwl	V	puwl.	V_odd	屑褘褌褜褋褟	wash	x	
puwt	V	puwt.	V_odd	写芯谢斜懈褌褜	hammer	x	
pu艐	N	pu艐.	N_odd	斜芯谐邪褌褋褌胁芯	wealth	x	
pu艐	N	pu艐.	N_odd	褔褍褉泻邪	chunk	x	
pu艐k	N	pu艐k.	N_odd	谐芯谢芯胁邪/蟹褍斜		x	
p膩l	N	p膩l.	N_odd	褋褌芯褉芯薪邪	side	x	
p膩ul	N	p膩ul.	N_even	锌芯褋褢谢芯泻	village	x	
p膿ri桑t	V	p膿ri桑t.	V_even	谐芯胁芯褉懈褌褜	speak	x	
p膿rmt	V	p膿rmt.	V_odd	芯斜械褉薪褍褌褜	wrap	x	
p艒x	N	p艒x.	N_odd	斜芯泻	side	x	
p奴l	N	p奴l.	N_odd	泻褍褋芯褔械泻	piece	x	
p奴s	V	p奴s.	V_odd	芯褌泻褉褘褌褜	open	x	
p奴s	V	p奴s.	V_odd	褑械谢褘泄	whole	x	
p蓹	N	p蓹.	N_odd	褋褘薪	son	x	
p蓹桑	N	p蓹桑.	N_odd	褋褘薪	son	x	
p蓹桑ri蓵	N	p蓹桑ri蓵.	N_even	屑邪谢褜褔懈泻	boy	x	
p邪l	N	p邪l.	N_even	褋褌芯褉芯薪邪	side	x	
r	ADJ	r.	ADJ_even	褉褍褋褋泻懈泄	Russian	x	
ramp蓹艐	ADJ	ramp蓹艐.|ramp艐.	ADJ_even	锌邪褉褟褖懈泄	soaring	c	
rat	N	rat.	N_odd	斜懈褌褜	hit	x	
ra艐n	V	ra艐n.	V_odd	蟹邪褌褍褏邪褌褜	fade	c	
ra桑	V	ra桑.	V_odd	锌邪写邪褌褜	fall	x	
rep	V	rep.	V_odd	屑械褌邪褌褜	throw	c	
re蓹桑	N	re蓹桑.|re桑.	N_even	卸邪褉	heat	x	
ropita	V	ropita.	V_odd	褉邪斜芯褌邪褌褜	work	x	
rot	V	rot.	V_odd	褋锌芯泻芯泄薪褘泄	calm	x	
row	N	row.	N_odd	褉邪蟹褉械褕褢薪薪褘泄	permitted	x	
row	V	row.	V_odd	屑芯卸薪芯	possible	x	
row	V	row.	V_odd	薪邪写芯	is.needed	x	
row	V	row.	V_odd	褉邪蟹褉械褕邪褌褜	allow	x	
ro艐x	V	ro艐x.	V_odd	泻褉懈泻薪褍褌褜	shout	x	
r谩桑膩t	V	r谩桑膩t.	V_odd	褍锌邪褋褌褜	fall	x	
r艒t	V	r艒t.	V_odd	褋锌芯泻芯泄薪褘泄	calm	x	
saj	N	saj.	N_odd	写谢懈薪邪	length	x	
sajk	V	sajk.	V_odd	褌褉械蟹胁褘泄	sober	x	
sakari	N	sakari.	N_odd	褋邪褏邪褉褘		x	
sakw	N	sakw.	N_odd	袥褟锌懈薪		x	
sakw	V	sakw.	V_odd	泻褍褋芯泻	piece	x	
sakw	V	sakw.	V_odd	褋谢芯屑邪褌褜	break	x	
sal	N	sal.	N_odd	芯谢械薪褜	deer	x	
sali	N	sali.	N_even	袨谢械薪褜		x	
sali	N	sali.	N_even	屑薪芯谐芯	many	x	
sali	N	sali.	N_even	芯谢械薪褜	deer	x	
salij	N	salij.	N_even	芯谢械薪褜	deer	x	
sali虋	N	sali虋.	N_even	芯谢械薪褜	deer	x	
sam	N	sam.	N_odd	褍谐芯谢芯泻	corner	x	
samim	N	samim.	N_even	谐谢邪蟹	eye	x	
samli艐	ADJ	samli艐.	ADJ_even	蟹胁芯薪泻懈泄	ringing	x	
sampilt	V	sampilt.	V_even	蟹邪屑械褌懈褌褜	notice	x	
sans	V	sans.	V_odd	泻芯谢械薪芯锌褉械泻谢芯薪懈褌褜褋褟	kneel	x	
sapta	N	sapta.	N_even	褑懈薪芯胁泻邪	mat	x	
sar	ADJ	sar.	ADJ_odd	褉邪薪薪懈泄	early	x	
sar	N	sar.	N_odd	HORT		x	
sar	N	sar.	N_odd	锌芯褌芯屑	then	x	
sar	N	sar.	N_odd	褉邪薪薪懈泄	early	x	
sari	ADJ	sari.	ADJ_even	懈褋褌懈薪薪褘泄	true	x	
sart	V	sart.	V_odd	锌械褉械写	in.front.of	x	
sas桑a	N	sas桑a.	N_even	褉芯写褋褌胁械薪薪懈泻	relative	x	
sav	N	sav.	N_odd	谢械薪褜	laziness	x	
saw	ADJ	saw.	ADJ_odd	谢械薪懈胁褘泄	lazy	x	
saw	ADJ	saw.	ADJ_odd	褋褌邪褉褘泄	old	x	
saw	N	saw.	N_odd	褋褌邪褉褘泄	old	x	
saw	V	saw.	V_odd	屑薪芯谐芯	many	x	
sawa	V	sawa.	V_even	屑褍褔懈褌褜褋褟	suffer	x	
sa艐kw	V	sa艐kw.	V_odd	锌芯褟褋薪懈褑邪	lower.back	x	
sa艐xwat	N	sa艐xwat.	N_even	褌械褌懈胁邪	bowstring	x	
sa桑r	V	sa桑r.	V_odd	褋褉褍斜懈褌褜	chop.down	x	
sa桑umt	V	sa桑umt.	V_even	褋谢芯屑邪褌褜	break	x	
semel	ADJ	semel.	ADJ_even	褔褢褉薪褘泄	black	x	
seml	ADJ	seml.	ADJ_odd	褔褢褉薪褘泄	black	x	
sem蓹l	ADJ	sem蓹l.|seml.	ADJ_even	褔褢褉薪褘泄	black	x	
seri	N	seri.	N_even	谐谢褍褏芯泄	deaf	x	
seri	N	seri.	N_even	谢懈褔懈薪泻懈(屑褍褏懈)		x	
set	V	set.	V_odd	胁褘褉胁邪褌褜褋褟	break.free	x	
setap	N	setap.	N_even	薪懈褌泻懈	threads	x	
sip	V	sip.	V_odd	褔屑芯泻邪褌褜	smack	x	
sip桑	V	sip桑.	V_odd	褔屑芯泻邪褌褜	smack	x	
sir	ADJ	sir.	ADJ_odd	褉邪蟹薪褘泄	different	x	
sir	N	sir.	N_odd	胁懈写	view	x	
sir	N	sir.	N_odd	褕械褋褌	pole	x	
siraj	N	siraj.	N_even	屑械褔	sword	x	
siram	N	siram.	N_even	泻褍褋芯泻	piece	x	
sis	N	sis.	N_odd	薪邪蟹邪写	back	x	
sisi	ADJ	sisi.	ADJ_even	锌芯锌褍褌薪褘泄	same.direction	x	
sisi	N	sisi.	N_even	褋锌懈薪邪	back	x	
sol'	N	sol'.	N_odd	锌褉邪胁写邪	truth	x	
solti	N	solti.	N_even	褋芯谢写邪褌	soldier	x	
soma	N	soma.	N_even	锌褉褟屑芯	straight	x	
sopak	N	sopak.	N_even	褋邪锌芯谐懈	boots	x	
sopam	N	sopam.	N_even	屑芯谐懈谢邪	grave	c	
sor	N	sor.	N_odd	蟹芯谢芯褌芯	gold	x	
sor	N	sor.	N_odd	褋褌械斜械谢褜	stem	c	
sorn	N	sorn.	N_odd	1SG		x	
sorn	N	sorn.	N_odd	蟹芯谢芯褌芯	gold	x	
sorn	N	sorn.	N_odd	蟹芯谢芯褌芯泄	golden	x	
sorumpat	V	sorumpat.	V_odd	褍屑懈褉邪褌褜	die	x	
sorup	N	sorup.	N_even	谢芯褋褜	moose	x	
sos	N	sos.	N_odd	褌褘褋褟褔邪	thousand	x	
sow	N	sow.	N_odd	褕泻褍褉邪	skin	x	
sowt	N	sowt.	N_odd	薪邪斜懈褉褍褕泻邪		x	
sow蓹r	N	sow蓹r.|sowr.	N_even	蟹邪褟褑	hare	x	
sox	N	sox.	N_odd	胁褋械褏	everyone	x	
soxt	V	soxt.	V_odd	褋胁械褉薪褍褌褜	roll	x	
sui	V	sui.	V_even	蟹胁褍泻	sound	x	
sul'int	V	sul'int.	V_even	褋泻邪泻邪褌褜	jump	x	
sul'ja	N	sul'ja.	N_even	斜褍褌褘谢泻邪	bottle	c	
sulil	N	sulil.	N_even	薪邪谐褉械褌褜褋褟	warm.up	x	
sulint	V	sulint.	V_even	褋泻邪泻邪褌褜	jump	x	
sult	N	sult.	N_odd	褋泻邪褔泻邪	race	x	
sultm	N	sultm.	N_odd	懈褋泻褉邪	spark	x	
sun	N	sun.	N_odd	薪邪褉褌邪	sledge	x	
sun'	V	sun'.	V_odd	斜芯谐邪褌褘泄	rich	x	
sune	N	sune.	N_even	褋邪薪懈	sledge	x	
suns	V	suns.	V_odd	小屑芯褌褉械褌褜		x	
suns	V	suns.	V_odd	胁懈写械褌褜	see	x	
suns	V	suns.	V_odd	褋泻邪蟹邪褌褜	say	x	
sunt	N	sunt.	N_odd	薪邪褉褌邪	sledge	x	
sunt	N	sunt.	N_odd	芯褌胁械褉褋褌懈械	hole	x	
sunt	N	sunt.	N_odd	褋褍薪褌		x	
surum	ADJ	surum.	ADJ_even	褌胁褢褉写褘泄	hard	x	
sus	V	sus.	V_odd	薪邪斜谢褞写邪褌褜	observe	x	
sus	V	sus.	V_odd	褋屑芯褌褉械褌褜	look	x	
s膩m	N	s膩m.	N_odd	褍谐芯谢芯泻	corner	x	
s膩r	N	s膩r.	N_odd	HORT		x	
s膩t	N	s膩t.	N_odd	褋械屑褜	seven	x	
s膩w	N	s膩w.	N_odd	屑薪芯谐芯	many	x	
s膩桑r	V	s膩桑r.	V_odd	褉褍斜懈褌褜	chop	x	
s艒rn	N	s艒rn.	N_odd	蟹芯谢芯褌芯	gold	x	
s艒rup	N	s艒rup.	N_even	谢芯褋褜	moose	x	
s艒w蓹r	N	s艒w蓹r.|s艒wr.	N_even	蟹邪褟褑	hare	x	
s蓹r	N	s蓹r.	N_odd	胁懈写	view	x	
s蓹r	N	s蓹r.	N_odd	褋锌芯褋芯斜	way	x	
t	N	t.	N_even	PTCL		x	
t	N	t.	N_even	孝		x	
t	V	t.	V_even	械褋褌褜	eat	x	
ta	N	ta.	N_odd	EMPH		x	
ta	N	ta.	N_odd	NEG		x	
ta	N	ta.	N_odd	PST[3SG]		x	
ta	N	ta.	N_odd	PTCL1		x	
ta	N	ta.	N_odd	PTCL2		x	
ta	N	ta.	N_odd	胁芯褌	here	x	
ta	N	ta.	N_odd	卸械薪褖懈薪邪	woman	x	
ta	N	ta.	N_odd	蟹褟褌褜	take	x	
ta	N	ta.	N_odd	谢械斜械写褜	swan	x	
ta	N	ta.	N_odd	芯蟹械褉芯	lake	x	
ta	N	ta.	N_odd	褌褍写邪	there	x	
ta	V	ta.	V_odd	锌褉懈泄褌懈	come	x	
ta	V	ta.	V_odd	褌芯褌	that	x	
ta=	X	ta.	X_odd	PTCL	PTCL	x	
tai	V	tai.	V_even	锌芯写褏芯写懈褌褜	approach	x	
taj	N	taj.	N_odd	3SG		x	
taj	N	taj.	N_odd	褝褌芯	this	x	
taj	V	taj.	V_odd	械褋褌褜	eat	x	
taj	V	taj.	V_odd	锌芯写褏芯写懈褌褜	approach	x	
tajap	V	tajap.	V_even	褋谢芯锌邪褌褜	devour	x	
tajt	N	tajt.	N_odd	小芯褋褜胁邪	Sosva	x	
tajt	N	tajt.	N_odd	锌褉芯褌芯泻邪	channel	x	
tajt	N	tajt.	N_odd	锌褉芯褌芯泻邪/小芯褋褜胁邪		x	
takwi	N	takwi.	N_even	EMPH		x	
takw蓹s	N	takw蓹s.|takws.	N_even	芯褋械薪褜	autumn	x	
tal	N	tal.	N_odd	CAR		x	
tal	V	tal.	V_odd	褋械褋褌褜	sit	x	
tal'ex	N	tal'ex.	N_even	胁械褉褕懈薪邪	top	x	
tal'x	N	tal'x.	N_odd	胁械褉褕懈薪邪	top	x	
talkwa	N	talkwa.	N_even	薪懈蟹泻懈泄	low	x	
talmat	V	talmat.	V_even	锌芯褋邪写懈褌褜	plant	x	
talt	V	talt.	V_odd	谐褉褍蟹懈褌褜	load	x	
talt	V	talt.	V_odd	蟹邪谐褉褍蟹懈褌褜	load	x	
talt	V	talt.	V_odd	锌芯谐褉褍蟹懈褌褜	immerse	x	
talt蓹艐	N	talt蓹艐.|talt艐.	N_even	褌邪谢褌褘薪谐	Taltyng	x	
tamle	ADJ	tamle.	ADJ_even	褌邪泻芯泄	such	x	
tan	N	tan.	N_odd	3PL		x	
tan	N	tan.	N_odd	3SG		x	
tar	V	tar.	V_odd	褋泻胁芯蟹褜	through	x	
taramt	V	taramt.	V_even	锌褍褋褌懈褌褜	let.go	x	
tara艐	N	tara艐.	N_even	懈蟹胁械褋褌薪褘泄	famous	x	
tarm	N	tarm.	N_odd	锌芯胁械褉褏薪芯褋褌褜	surface	x	
tarmat	V	tarmat.	V_even	芯褌锌褍褋褌懈褌褜	let.go	x	
tart	V	tart.	V_odd	锌褍褋褌懈褌褜	let.go	x	
tarwit	N	tarwit.	N_even	褌褟卸械谢芯	heavy	x	
tar蓹艐	N	tar蓹艐.|tar艐.	N_even	褋芯褋薪邪	pine	x	
tas	ADJ	tas.	ADJ_odd	谐芯褌芯胁褘泄	ready	c	
tas	V	tas.	V_odd	谐芯褌芯胁褘泄	ready	x	
tau	N	tau.	N_even	3SG		x	
tau	N	tau.	N_even	3蝎袩		x	
taw	N	taw.	N_odd	芯薪邪	she	x	
tawaj	V	tawaj.	V_even	写褍屑邪褌褜	think	x	
taw猫n	N	taw猫n.	N_odd	褋械泄褔邪褋	now	x	
tax	N	tax.	N_odd	袟写械褋褜		x	
tax	V	tax.	V_odd	懈写褌懈	go	x	
taxa	V	taxa.	V_even	褍械褏邪褌褜	leave	x	
taxt	N	taxt.	N_odd	谐邪谐邪褉邪	loon	x	
tax蓹	N	tax蓹.	N_even	写械褌褜褋褟	get.lost	x	
ta艐kw	V	ta艐kw.	V_odd	屑芯褏	moss	c	
ta桑	N	ta桑.	N_odd	泻芯薪芯锌邪褌懈褌褜	caulk	x	
ta桑	V	ta桑.	V_odd	胁械褌泻邪	branch	x	
ta桑	V	ta桑.	V_odd	泻芯薪芯锌邪褌懈褌褜	caulk	x	
ta桑ip	N	ta桑ip.	N_even	锌褉械谐褉邪写邪	barrier	x	
ta桑l	N	ta桑l.	N_odd	胁屑械褋褌械	together	x	
ta桑l	N	ta桑l.	N_odd	锌芯谢薪褘泄	full	x	
ta桑蓹l	N	ta桑蓹l.|ta桑l.	N_even	薪邪锌芯谢薪械薪懈械	filling	x	
t膩rwit	N	t膩rwit.	N_even	褌褟卸械褋褌褜	weight	x	
te	N	te.	N_odd	械写邪	food	x	
te	N	te.	N_odd	械褋褌褜	eat	x	
te	V	te.	V_odd	械褋褌褜	eat	x	
tel	N	tel.	N_odd	薪邪胁械褉薪芯械	probably	x	
tel	V	tel.	V_odd	锌芯褟胁懈褌褜褋褟	appear	x	
tel	V	tel.	V_odd	褉邪褋褌懈	grow	x	
ten		ten.	N_odd	3DU		x	
ten	N	ten.	N_odd	械褋褌褜	eat	x	
tep蓹l	N	tep蓹l.|tepl.	N_even	谢芯褋褜	moose	x	
ter蓹n	V	ter蓹n.|tern.	V_even	斜懈褌胁邪	battle	x	
tetal	ADJ	tetal.	ADJ_even	谐芯谢芯写薪褘泄	hungry	x	
te桑	N	te桑.	N_odd	褋褞写邪	here	x	
ti	N	ti.	N_odd	3DU		x	
ti	N	ti.	N_odd	3SG		x	
ti	N	ti.	N_odd	ADD		x	
ti	N	ti.	N_odd	PTCL		x	
ti	N	ti.	N_odd	PTCL1		x	
ti	N	ti.	N_odd	PTCL2		x	
ti	N	ti.	N_odd	褝褌芯	this	x	
tit	N	tit.	N_odd	蟹写械褋褜	here	x	
tit	N	tit.	N_odd	褌褍褌	here	x	
tit	V	tit.	V_odd	褍褋褌褜械	mouth	x	
titt	N	titt.	N_odd	芯褋薪芯胁邪薪懈械	base	x	
tiws	N	tiws.	N_odd	褏胁邪褌懈褌	enough	c	
ti桑l	N	ti桑l.	N_odd	胁蟹谢械褌械褌褜	take.off	x	
ti桑l	N	ti桑l.	N_odd	胁谢械褌械褌褜	fly.in	x	
ti桑蓹ln蓹l	N	ti桑蓹ln蓹l.	N_odd	写邪卸械	even	x	
toll	V	toll.	V_odd	褉胁邪褌褜褋褟	tear	x	
tolmat	V	tolmat.	V_even	胁褘褋褌褉械谢懈褌褜	shoot	x	
tol蓹xpa	N	tol蓹xpa.	N_odd	谐褉芯斜	coffin	褋	
tol蓹桑	V	tol蓹桑.|tol桑.	V_even	薪械胁芯写	fishing.net	x	
tol桑	N	tol桑.	N_odd	薪械胁芯写	fishing.net	x	
tol桑	V	tol桑.	V_odd	薪械胁芯写	fishing.net	x	
tona	N	tona.	N_even	蟹邪褌械屑	then	x	
tona	N	tona.	N_even	锌芯褌芯屑褍	therefore	x	
tor	N	tor.	N_odd	薪械斜芯	sky	x	
torew	N	torew.	N_even	屑械写胁械写褜	bear	x	
tori桑	N	tori桑.	N_even	薪邪锌褉芯褌懈胁	across	c	
tort	V	tort.	V_odd	蟹邪泻褉褘褌褜	close	x	
torum	N	torum.	N_even	屑懈褉/斜芯谐		x	
tor蓹桑	N	tor蓹桑.|tor桑.	N_even	薪邪锌褉芯褌懈胁	across	x	
tor桑	V	tor桑.	V_odd	褌褉褟褋褌懈褋褜	shake	x	
tos	N	tos.	N_odd	泻邪屑褍褋	ski.skin	x	
tot	N	tot.	N_odd	3SG		x	
tot	N	tot.	N_odd	孝邪屑		x	
tot	N	tot.	N_odd	褌褍写邪	there	x	
tot	V	tot.	V_odd	胁械褋褌懈	lead	x	
touli	N	touli.	N_odd	写芯胁芯谢褜薪芯	enough	x	
tow	N	tow.	N_odd	谐褉械褋褌懈	row	x	
tow	N	tow.	N_odd	懈薪芯泄	other	x	
towant	V	towant.	V_even	谐褉械褋褌懈	row	x	
towart	V	towart.	V_even	蟹邪泻褉褘褌褜	close	x	
towl	N	towl.	N_odd	泻褉褘谢芯	wing	x	
towl	N	towli.	N_even	褏胁邪褌懈褌	enough	x	
toxa	N	toxa.	N_even	褌邪泻	so	x	
toxla	N	toxla.	N_even	胁芯褉芯褌薪懈泻	collar	c	
to蓵	V	to蓵.	V_odd	锌芯锌械褉械褔懈薪邪	crossbar	c	
tu	N	tu.	N_odd	PTCL		x	
tui	N	tui.	N_even	谢械褌芯	summer	x	
tujim	V	tujim.	V_even	胁褘锌邪写邪褌褜	fall.out	x	
tujt	N	tujt.	N_odd	褋邪薪懈	sledge	x	
tul'a	N	tul'a.	N_even	锌邪谢械褑	finger	x	
tulit	N	tulit.	N_even	褌邪泄泻芯屑		x	
tulmax	N	tulmax.	N_even	褉芯褋芯屑邪褏邪	wolverine	x	
tulmax	V	tulmax.	V_even	褉芯褋芯屑邪褏邪	wolverine	x	
tum	V	tum.	V_odd	胁褏芯写	entrance	x	
tumaj	N	tumaj.	N_even	写褍屑邪泄	think	x	
tumaj	N	tumaj.	N_even	蟹邪写褍屑泻邪	idea	x	
tumaj	N	tumaj.	N_even	锌芯褔械屑褍	why	x	
tumaj	N	tumaj.	N_even	褋芯胁械褌	advice	x	
tumaj	V	tumaj.	V_even	写褍屑邪褌褜	think	x	
tuml'	V	tuml'.	V_odd	写褍屑邪褌褜	think	x	
tup	N	tup.	N_odd	褌芯谢褜泻芯	only	x	
tur	N	tur.	N_odd	袨蟹械褉芯		x	
tur	N	tur.	N_odd	芯蟹械褉芯	lake	x	
turka	N	turka.	N_even	写褉芯斜芯胁懈泻	shotgun	c	
turman	ADV	turman.	ADV_even	褌械屑薪芯	dark	x	
turman	V	turman.	V_even	褋褌械屑薪械褌褜	darken	x	
tuu	N	tuu.	N_even	褌褍写邪	there	x	
tuw	N	tuw.	N_odd	3SG		x	
tuw	N	tuw.	N_odd	胁芯谢芯泻薪芯	fiber	x	
tuw	N	tuw.	N_odd	褌邪屑	there	x	
tuwl	N	tuwl.	N_odd	袩芯褌芯屑		x	
tuwl	N	tuwl.	N_odd	懈	and	x	
tuwl	N	tuwl.	N_odd	锌芯褌芯屑	then	x	
tuwl'e	N	tuwl'e.	N_even	褌褍写邪	there	x	
tuwle	N	tuwle.	N_even	锌芯褌芯屑	then	x	
tuw蓹l	N	tuw蓹l.|tuwl.	N_even	袩芯褌芯屑		x	
tu蓵t	V	tu蓵t.	V_odd	褋褌邪胁懈褌褜	put	x	
tu虋l	V	tu虋l.	V_odd	胁薪械褋褌懈	bring.in	x	
tu虋p	N	tu虋p.	N_odd	褌芯谢褜泻芯	only	x	
t茅t	V	t茅t.	V_even	锌芯褋谢邪褌褜	send	x	
t膩	N	t膩.	N_odd	EMPH		x	
t膩l'ax	N	t膩l'ax.	N_even	胁械褉褏褍褕泻邪	tip	x	
t膩rt	V	t膩rt.	V_odd	锌褍褋褌懈褌褜	let.go	x	
t膩桑at	V	t膩桑at.	V_even	胁械褕邪褌褜	hang	x	
t膿nki	PRON	t膿nki.	PRON_even	2DU		x	
t奴p	N	t奴p.	N_odd	褌芯谢褜泻芯	only	x	
t暖p	N	t暖p.	N_even	谢懈褕褜	only	x	
t蓹j	N	t蓹j.	N_odd	褋褞写邪	here	x	
t蓹st	V	t蓹st.	V_odd	谐芯褉械胁邪褌褜	mourn	x	
t蓹桑	N	t蓹桑.	N_odd	褋褞写邪	here	x	
t蓹桑l	N	t蓹桑l.	N_odd	胁蟹谢械褌械褌褜	take.off	x	
t蓹桑蓹l	N	t蓹桑蓹l.|t蓹桑l.	N_even	褋械泄褔邪褋	now	x	
t邪w	N	t邪w.	N_even	袨薪		x	
uj	N	uj.	N_odd	卸懈胁芯褌薪芯械	animal	x	
uj	N	uj.	N_odd	蟹胁械褉褜	animal	x	
ul	N	ul.	N_odd	2SG		x	
ul	N	ul.	N_odd	PROH		x	
ul'	N	ul'.	N_odd	芯谐芯薪褜	fire	x	
ula	N	ula.	N_even	谢芯胁褍褕泻邪	trap	x	
ulta	N	ulta.	N_even	褔械褉械蟹	across	x	
ult蓹	N	ult蓹.	N_even	褔械褉械蟹	across	x	
ulum	N	ulum.	N_even	褋芯薪	dream	x	
ul蓹	N	ul蓹.	N_even	胁芯褋锌械胁邪薪懈械	praise	x	
unl	N	unl.	N_odd	褋懈写械褌褜	sit	x	
unl	V	unl.	V_odd	褋懈写械褌褜	sit	x	
unt	N	unt.	N_odd	褋械褋褌褜	sit	x	
unt	V	unt.	V_odd	褋械褋褌褜	sit	x	
upa	N	upa.	N_even	写械胁械褉褜	brother.in.law	x	
upa	V	upa.	V_even	斜褉邪褌	brother	x	
upa	V	upa.	V_even	写械胁械褉褜	brother.in.law	x	
ur	N	ur.	N_odd	褋锌芯褋芯斜	way	x	
ure	N	ure.	N_even	褋锌芯褋芯斜	way	x	
us	N	us.	N_odd	ADD		x	
us	N	us.	N_odd	谐芯褉芯写	town	x	
us	V	us.	V_odd	褕邪谐邪褌褜	step	x	
ut	V	ut.	V_odd	谢邪褟褌褜	bark	x	
u蓵	V	u蓵.	V_odd	胁褋褌邪褌褜	stand	x	
w	V	w.	V_even	胁蟹褟褌褜	take	x	
w	V	w.	V_even	胁懈写械褌褜	see	x	
wa	N	wa.	N_odd	斜芯谐邪褌褘褉褜	hero	x	
waj	N	waj.	N_odd	褔褍谢泻懈/泻懈褋褘		x	
want	N	want.	N_odd	谐褉褍蟹	load	x	
want	V	want.	V_odd	褋褌邪写芯	herd	x	
wantl	V	wantl.	V_odd	泻芯褔械胁邪褌褜	roam	x	
wantle	N	wantle.	N_even	锌械褉械械褏邪褌褜	move	x	
waps	N	waps.	N_odd	蟹褟褌褜	take	x	
war	V	war.	V_odd	c写械谢邪褌褜		x	
war	V	war.	V_odd	写械谢邪褌褜	do	x	
was	V	was.	V_odd	胁懈写械褌褜	see	x	
was蓹桑	N	was蓹桑.|was桑.	N_even	斜芯谢褜褕械	more	x	
wat	N	wat.	N_odd	30'		x	
wat	N	wat.	N_odd	3SG		x	
wat	N	wat.	N_odd	斜械褉械谐	shore	x	
wat	N	wat.	N_odd	褌褉懈写褑褌褜		x	
wat	V	wat.	V_odd	褌褉懈写褑邪褌褜	thirty	x	
wat'a	ADJ	wat'a.	ADJ_even	泻芯褉芯褌泻懈泄	short	x	
wat'a	N	wat'a.	N_even	泻芯褉芯褌泻芯	short	x	
wata	N	wata.	N_even	斜械褉械谐	shore	x	
wata	N	wata.	N_even	褌芯褉谐芯胁谢褟	trade	x	
wati	ADJ	wati.	ADJ_even	泻芯褉芯褌泻懈泄	short	x	
wati	N	wati.	N_even	泻芯褉芯褌泻芯	short	x	
wa艐	V	wa艐.	V_odd	胁懈写械褌褜	see	x	
wa艐	V	wa艐.	V_odd	锌谢械褔芯	shoulder	x	
wa艐k	V	wa艐k.	V_odd	锌芯谢蟹褌懈	crawl	x	
wa艐n	N	wa艐n.	N_odd	锌谢械褔芯	shoulder	x	
wa桑	N	wa桑.	N_odd	屑芯褖褜	power	x	
wa桑	N	wa桑.	N_odd	褋懈谢邪	strength	x	
welat	V	welat.	V_even	斜懈褌褜	hit	x	
werm	V	werm.	V_odd	褋屑芯褔褜	be.able	x	
we蓵	N	we蓵.	N_odd	泻褉邪褋芯褌邪	beauty	x	
wi	V	wi.	V_odd	胁蟹褟褌褜	take	x	
win	N	win.	N_odd	胁懈薪芯	wine	x	
wit	N	wit.	N_odd	袙芯写邪		x	
wi桑ir	ADJ	wi桑ir.	ADJ_even	泻褉邪褋薪褘泄	red	x	
woj	N	woj.	N_odd	斜褉邪褌褜	take	x	
woj	V	woj.	V_odd	斜褉邪褌褜	take	x	
wojkan	N	wojkan.	N_even	褋胁械褌谢褘泄	light	x	
wor	N	wor.	N_odd	谢械褋	forest	x	
wor	N	wor.	N_odd	屑芯褖褜	power	x	
wor	N	wor.	N_odd	褋懈谢邪	strength	x	
wor	V	wor.	V_odd	屑芯褖褜	power	x	
wos	N	wos.	N_odd	OPT		x	
woss	N	woss.	N_odd	OPT		x	
wow	V	wow.	V_odd	蟹胁邪褌褜	call	x	
woww	V	woww.	V_odd	锌褉芯褋懈褌褜	ask	x	
wo艐xa	N	wo艐xa.	N_even	褟屑邪	pit	x	
wo蓵	N	wo蓵.	N_odd	谐褉褟蟹褜	mud	c	
wo蓵kas	V	wo蓵kas.	V_even	胁褘泻懈薪褍褌褜	throw.out	x	
wo蓵kas	V	wo蓵kas.	V_even	褋斜褉芯褋懈褌褜	dump	x	
wo蓵lax	N	wo蓵lax.	N_even	谐褉褟蟹褜	mud	x	
w膩t'a	N	w膩t'a.	N_even	泻芯褉芯褌泻芯	short	x	
w艒艐x	N	w艒艐x.	N_odd	褟屑邪	pit	x	
w蓹桑蓹r	ADJ	w蓹桑蓹r.|w蓹桑r.	ADJ_even	泻褉邪褋薪褘泄	red	x	
x	N	x.	N_even	笑		x	
xajt	N	xajt.	N_odd	斜械谐	run	x	
xajt	V	xajt.	V_odd	斜械谐	run	x	
xajt	V	xajt.	V_odd	斜械谐邪褌褜	run	x	
xajta	V	xajta.	V_even	斜械卸邪褌褜	run	x	
xal'	N	xal'.	N_odd	斜械褉褢蟹邪	birch	x	
xalt	N	xalt.	N_odd	屑械卸写褍	between	x	
xan	V	xan.	V_odd	锌褉懈谢懈锌薪褍褌褜	stick	x	
xan'i蓵t	V	xan'i蓵t.	V_even	薪邪褍褔懈褌褜	teach	x	
xansa	N	xansa.	N_even	褍蟹芯褉	pattern	x	
xant	N	xant.	N_odd	褋械褉邪	sulfur	c	
xant蓹	N	xant蓹.	N_even	褋械褉邪	sulfur	x	
xan蓹lpatta	N	xan蓹lpatta.	N_even	锌邪蟹褍褏邪	cavity	x	
xar	N	xar.	N_odd	褋邪屑械褑	male	x	
xars	ADJ	xars.	ADJ_odd	锌芯谢薪芯胁芯写薪褘泄	full.flowing	c	
xars	V	xars.	V_odd	锌芯谢薪芯胁芯写薪褘泄	full.flowing	x	
xar蓹桑l	V	xar蓹桑l.|xar桑l.	V_even	锌芯褌褍褏薪褍褌褜	go.out	x	
xas	V	xas.	V_odd	锌懈褋邪褌褜	write	x	
xas	V	xas.	V_odd	锌褉懈胁褟蟹邪褌褜	tie	x	
xas	V	xas.	V_odd	褌邪褖懈褌褜	drag	x	
xax	N	xax.	N_odd	胁蟹芯斜褉邪褌褜褋褟	climb	x	
xa艐ra	N	xa艐ra.	N_even	锌芯写泻芯谢械薪芯泻		x	
xa艐x	V	xa艐x.	V_odd	胁蟹芯斜褉邪褌褜褋褟	climb	x	
xa蓵l	V	xa蓵l.	V_odd	褉胁邪褌褜褋褟	tear	c	
xit蓹rt	V	xit蓹rt.|xitrt.	V_even	褍写邪褉懈褌褜	hit	c	
xo	N	xo.	N_odd	泻褌芯	who	x	
xo	V	xo.	V_odd	泻褌芯	who	x	
xoj	V	xoj.	V_odd	写芯褋褌懈褔褜	achieve	x	
xoj	V	xoj.	V_odd	褍写邪褉懈褌褜褋褟	bump.into	x	
xoli	ADJ	xoli.	ADJ_even	褍褌褉械薪薪懈泄	morning	x	
xolit	ADJ	xolit.	ADJ_even	蟹邪胁褌褉邪褕薪懈泄	tomorrow's	x	
xolit	N	xolit.	N_even	蟹邪胁褌褉邪褕薪懈泄	tomorrow's	x	
xolitan	N	xolitan.	N_odd	蟹邪胁褌褉邪	tomorrow	x	
xomi	N	xomi.	N_even	薪邪胁蟹薪懈褔褜	upside.down	x	
xon	N	xon.	N_odd	褑邪褉褜	tsar	x	
xon	N	xon.	N_odd	褑邪褉褜[LAT]		x	
xoni	N	xoni.	N_even	薪邪胁蟹薪懈褔褜	upside.down	x	
xont	V	xont.	V_odd	懈褋泻邪褌褜	search	x	
xop蓹lt	V	xop蓹lt.|xoplt.	V_even	谐褉械屑械褌褜	thunder	x	
xos	N	xos.	N_odd	写谢懈薪邪	length	x	
xosa	ADJ	xosa.	ADJ_even	写谢懈薪薪褘泄	long	x	
xosa	N	xosa.	N_even	写邪谢械泻芯	far	x	
xosa	N	xosa.	N_even	写邪谢械泻芯/写芯谢谐芯		x	
xosa	N	xosa.	N_even	写谢懈薪薪褘泄	long	x	
xosa	N	xosa.	N_even	写芯谢谐芯	long	x	
xosit	N	xosit.	N_even	锌芯	by	x	
xotal	N	xotal.	N_even	写械薪褜	day	x	
xotal	N	xotal.	N_even	褋芯谢薪褑械	sun	x	
xotal	V	xotal.	V_even	褉邪褋褋胁械褌邪褌褜	dawn	x	
xot蓹l	N	xot蓹l.|xotl.	N_even	写械薪褜	day	x	
xo蓵a	ADJ	xo蓵a.	ADJ_even	蟹邪褋芯褏褕懈泄	dried.up	c	
xuij	V	xuij.	V_even	褋锌邪褌褜	sleep	x	
xuj	V	xuj.	V_odd	谢芯卸懈褌褜褋褟	lie.down	x	
xuj	V	xuj.	V_odd	褋锌邪褌褜	sleep	x	
xuja	V	xuja.	V_even	谢械卸邪褌褜	lie	x	
xujn'ut蓹l	V	xujn'ut蓹l.	V_odd	褋锌邪褌褜	sleep	x	
xul	V	xul.	V_odd	薪芯褔械胁邪褌褜	spend.the.night	x	
xul'i桑l	V	xul'i桑l.	V_even	胁褋锌谢褘褌褜	surface	x	
xul'm	N	xul'm.	N_odd	蟹芯薪邪	zone	x	
xul't	V	xul't.	V_odd	芯褋褌邪褌褜褋褟	stay	x	
xul't蓹s	V	xul't蓹s.|xul'ts.	V_even	芯褋褌邪褌褜褋褟	stay	x	
xum	N	xum.	N_odd	褔械谢芯胁械泻	person	x	
xumi	N	xumi.	N_even	屑褍卸褔懈薪邪	man	x	
xumle	N	xumle.	N_even	泻邪泻	like	x	
xumus	ADJ	xumus.	ADJ_even	泻邪泻芯泄	what.kind	x	
xunt	N	xunt.	N_odd	泻芯褌芯屑泻邪	knapsack	褋	
xunt	V	xunt.	V_odd	胁褘褔械褉锌褘胁邪褌褜	scoop.out	x	
xunt	V	xunt.	V_odd	泻芯褌芯屑泻邪	knapsack	x	
xuntel	V	xuntel.	V_even	褋谢褍褕邪褌褜	listen	x	
xuntl	V	xuntl.	V_odd	褋谢褍褕邪褌褜	listen	x	
xunt蓹l	V	xunt蓹l.|xuntl.	V_even	褋谢褍褕邪褌褜	listen	x	
xur	N	xur.	N_odd	斜械褉械谐	shore	x	
xur	V	xur.	V_odd	斜械褉械谐	shore	x	
xuri	N	xuri.	N_even	懈蟹芯斜褉邪卸械薪懈械	image	x	
xuri	N	xuri.	N_even	褍蟹芯褉	pattern	x	
xurip	N	xurip.	N_even	芯斜褉邪蟹	image	x	
xurip	N	xurip.	N_even	褋胁芯泄褋褌胁芯	property	x	
xuri桑	N	xuri桑.	N_even	屑械褕芯泻	bag	x	
xurm	N	xurm.	N_odd	褌褉懈	three	x	
xurp	N	xurp.	N_odd	泻芯褉芯斜泻邪	box	x	
xurum	N	xurum.	N_even	褌褉懈	three	x	
xur蓹m	N	xur蓹m.|xurm.	N_even	褌褉懈	three	x	
xur蓹桑	N	xur蓹桑.|xur桑.	N_even	屑械褕芯泻	bag	x	
xus	N	xus.	N_odd	卸械褔褜	burn	x	
xusl	V	xusl.	V_odd	芯褌褋谢邪懈胁邪褌褜褋褟	flake.off	c	
xu蓵	N	xu蓵.	N_odd	褋谢褍谐邪	servant	x	
x膩艐xt	V	x膩艐xt.	V_odd	蟹邪谐薪邪褌褜	drive	x	
x艒j	V	x艒j.	V_odd	泻邪褋邪褌褜褋褟	touch	x	
x艒mi	N	x艒mi.	N_even	EMPH		x	
x艒mi	N	x艒mi.	N_even	薪懈褔泻芯屑	face.down	x	
x艒n	N	x艒n.	N_odd	泻芯褉芯谢褜	king	x	
x艒nt	V	x艒nt.	V_odd	胁芯械胁邪褌褜	fight	x	
x艒nt	V	x艒nt.	V_odd	薪邪褏芯写懈褌褜	find	x	
x艒s	N	x艒s.	N_odd	写谢懈薪邪	length	x	
x艒sa	ADV	x艒sa.	ADV_even	写芯谢谐芯	long	x	
x艒t	N	x艒t.	N_odd	谐写械	where	x	
x艒艐	N	x艒艐.	N_odd	泻芯褉芯谢褜	king	x	
x奴rm	N	x奴rm.	N_odd	孝褉懈		x	
x奴rum	N	x奴rum.	N_even	孝褉懈		x	
x蓹l	V	x蓹l.	V_odd	泻芯锌邪褌褜	dig	x	
膩ni	N	膩ni.	N_even	斜谢褞写芯	dish	x	
膩ni	N	膩ni.	N_even	褌邪褉械谢泻邪	plate	x	
膩ran	N	膩ran.	N_even	袗褉邪薪		x	
膩se	N	膩se.	N_even	芯褌械褑	father	x	
膩t'i	N	膩t'i.	N_even	EX		x	
膩t'i	N	膩t'i.	N_even	薪械褌	no	x	
膩艐kwal	N	膩艐kwal.	N_even	褋褌胁芯谢	trunk	x	
膩蓵	N	膩蓵.	N_odd	芯褌械褑	father	x	
膩蓵e	N	膩蓵e.	N_even	芯褌械褑	father	x	
膿	N	膿.	N_odd	褝	hey	x	
膿l	X	膿l.	X_odd	胁锌械褉械写	forward	x	
膿la	X	膿la.	X_even	胁锌械褉械写	forward	x	
膿rtt	N	膿rtt.	N_odd	屑芯屑械薪褌	moment	x	
膿ti	V	膿ti.	V_even	薪芯褔褜	night	x	
墨ti	V	墨ti.	V_even	胁械褔械褉	evening	x	
艐艒艐x	N	艐艒艐x.	N_odd	胁胁械褉褏	up	x	
艒	N	艒.	N_odd	袞		x	
艒j	V	艒j.	V_odd	蟹邪褋薪褍褌褜	fall.asleep	x	
艒l	V	艒l.	V_odd	卸懈褌褜	live	x	
艒n's	V	艒n's.	V_odd	懈屑械褌褜	have	x	
艒s	N	艒s.	N_odd	胁褉械屑褟	time	x	
艒s蓹艐	ADJ	艒s蓹艐.|艒s艐.	ADJ_even	褌芯谢褋褌褘泄	thick	x	
艒xsar	N	艒xsar.	N_even	谢懈褋邪	fox	x	
艒蓵a	N	艒蓵a.	N_even	3SG		x	
奴j	N	奴j.	N_odd	蟹胁械褉懈	animals	x	
奴lum	N	奴lum.	N_even	褋芯薪	dream	x	
奴nt	V	奴nt.	V_odd	褋懈写械褌褜	sit	x	
奴r	V	奴r.	V_odd	写械褉卸邪褌褜	hold	x	
蓵ai	N	蓵ai.	N_even	褔邪泄	tea	x	
蓵akw	V	蓵akw.	V_odd	胁褘屑褟	udder	x	
蓵ali桑	ADJ	蓵ali桑.	ADJ_even	褔懈褋褌褘泄	clean	c	
蓵alt	V	蓵alt.	V_odd	胁褏芯写懈褌褜	enter	x	
蓵alt	V	蓵alt.	V_odd	蟹邪泄褌懈	enter	x	
蓵al蓹桑	N	蓵al蓹桑.|蓵al桑.	N_even	褋械褉械斜褉芯	silver	x	
蓵al桑	N	蓵al桑.	N_odd	褋械褉械斜褉芯	silver	c	
蓵ampur	N	蓵ampur.	N_even	芯斜褉褍褔	hoop	c	
蓵an猫n	N	蓵an猫n.	N_odd	2DU		x	
蓵ar	ADJ	蓵ar.	ADJ_odd	褋邪屑褘泄	most	x	
蓵ar	N	蓵ar.	N_odd	褋邪屑褘泄	most	x	
蓵ar	N	蓵ar.	N_odd	褋芯胁褋械屑	completely	x	
蓵aras	N	蓵aras.	N_even	屑芯褉械	sea	x	
蓵aras	N	蓵aras.	N_even	芯褋褌褉芯胁	island	x	
蓵ara蓵	N	蓵ara蓵.	N_even	屑芯褉械	sea	x	
蓵ar蓹蓵	N	蓵ar蓹蓵.|蓵ar蓵.	N_even	屑芯褉械	sea	x	
蓵as	N	蓵as.	N_odd	泻芯谢械薪懈	knees	x	
蓵axl	N	蓵axl.	N_odd	泻谢褍斜芯泻	tangle	x	
蓵axl	N	蓵axl.	N_odd	褌褍褔邪	cloud	x	
蓵axl	N	蓵axl.	N_odd	褏芯谢屑	hill	x	
蓵ax蓹l	N	蓵ax蓹l.|蓵axl.	N_even	谐芯褉邪	mountain	x	
蓵ax蓹l	N	蓵ax蓹l.|蓵axl.	N_even	褏褉械斜械褌	spine	x	
蓵a艐k蓵	N	蓵a艐k蓵.	N_odd	卸褍谢邪薪褔懈泻	shrike	x	
蓵ermat	V	蓵ermat.	V_even	胁芯卸卸懈	reins	x	
蓵etwert	N	蓵etwert.	N_even	褔械褌胁械褉褌褜	quarter	x	
蓵iraj	N	蓵iraj.	N_even	屑械褔	sword	x	
蓵ol	N	蓵ol.	N_odd	屑芯谐褍褖械褋褌胁芯	power	x	
蓵op蓹r	ADJ	蓵op蓹r.|蓵opr.	ADJ_even	褌芯薪泻懈泄	thin	x	
蓵orx蓹l	V	蓵orx蓹l.|蓵orxl.	V_even	蟹邪褉褍斜泻邪	notch	x	
蓵os	N	蓵os.	N_odd	屑芯屑械薪褌	moment	x	
蓵un'	N	蓵un'.	N_odd	斜谢邪谐芯写械薪褋褌胁芯胁邪褌褜	prosper	x	
蓵un'	V	蓵un'.	V_odd	斜谢邪谐芯写械薪褋褌胁芯胁邪褌褜	prosper	x	
蓵uns	V	蓵uns.	V_odd	褋屑芯褌褉械褌褜	look	x	
蓵uram	V	蓵uram.	V_even	芯褋胁械卸懈褌褜	refresh	c	
蓵us	N	蓵us.	N_odd	褉邪蟹	time	x	
蓵膩lt	V	蓵膩lt.	V_odd	胁芯泄褌懈	enter	x	