a	N	a.	N_odd	EMPH		x
a	X	a.	X_odd	а	and	
aɣi	N	aɣi.	N_even	девушка	girl	x
āɣi	N	āɣi.	N_even	дочь	daughter	
āɣm	N	āɣm.	N_odd	болезнь	sickness	
aɣt	V	aɣt.	V_odd	верить	believe	
aɣə	N	aɣə.	N_even	девушка	girl	x
ai	V	ai.	V_even	пить	drink	x
aj	V	aj.	V_odd	выпить	drink	x
aj	V	aj.	V_odd	пить	drink	
ajt	V	ajt.	V_odd	пить	drink	x
ākan'	N	ākan'.	N_even	кукла	doll	
ake	N	ake.	N_even	дед	grandfather	x
aki	N	aki.	N_even	дядя	uncle	
akw	N	akw.	N_odd	Один		x
akw	N	akw.	N_odd	ночь	night	x
akw	NUM	akw.//akwa.	NUM_odd	один	one	
akw	N	akw.	N_odd	одинг		x
akw	N	akw.	N_odd	одна	one	x
ākw	N	ākw.//ākwa.	N_odd	тетя	aunt	
akwa	N	akwa.	N_even	один	one	x
akwa	N	akwa.	N_even	тётя	aunt	x
akwaɣ	ADV	akwaɣ.	ADV_even	всегда	always	
akwaiɣ	N	akwaiɣ.	N_odd	каждого		x
akwan=	PREV	akwan.	PREV_even	вместе	together	
akwat	N	akwat.	N_even	вместе	together	x
akwxujplow	NUM	akwxujplow.	NUM_odd	одиннадцать	eleven	
al	N	al.	N_odd	верх	top	
al	V	al.	V_odd	убить	kill	
ala	N	ala.	N_even	верх	top	x
ala	N	ala.	N_even	крыша	roof	
ala	N	ala.	N_even	поверхность	surface	x
ala	X	ala.	X_even	чуть	barely	
alam	X	alam.	X_even	верно	surely	
ali	ADJ	ali.	ADJ_even	южный	southern	
ali	V	ali.	V_even	южный	southern	x
ālim	V	ālim.	V_even	успеть	manage	
aliɕ	N	aliɕ.	N_even	оружие	weapon	
aliɕ	V	aliɕ.	V_even	убить	kill	x
ālmaj	V	almaj.	V_odd	поднимать	lift	
alm	V	alm.	V_odd	поднять	lift	x
alma	V	alma.	V_even	поднять	lift	x
almpal	N	almpal.	N_even	за	behind	x
alpəl	ADJ	alpəl.|alpl.	ADJ_even	утренний	morning	x
ālpəl	N	ālpəl.	N_even	утренний	morning	
alpəl	N	alpəl.|alpl.	N_even	утро	morning	x
am	PRON	am.	PRON_odd	1SG	1SG	
am	N	am.	N_odd	2SG		x
am	N	am.	N_odd	Q		x
aman	N	aman.	N_even	Q		x
āmart	V	āmart.	V_even	зацепить	hook	
aml	V	aml.	V_odd	ASP		x
amman	N	amman.	N_even	Q		x
āmp	N	āmp.	N_odd	собака	dog	
ampar	N	ampar.	N_even	амбар	barn	
an'	V	an'.	V_odd	поцеловать	kiss	
ānas	N	ānas.	N_even	обоз	caravan	
āni	N	āni.	N_even	чашка	cup	
āni	N	āni.	N_even	блюдо	dish	x
āni	N	āni.	N_even	тарелка	plate	x
anja	N	anja.	N_even	Анья		x
anə	N	anə.	N_even	чашка	cup	x
an'	N	an'.	N_odd	Сейчас		x
an'	X	an'.	X_odd	сейчас	now	
an'	N	an'.	N_odd	сестра	sister	x
an'ja	N	an'ja.	N_even	Анеева	Anyeeva	
ān't	N	ān't.	N_odd	рог	horn	
an'ɕar	ADJ	an'ɕar.	ADJ_even	клык	fang	
āpa	N	apa.	N_even	люлька	cradle	
apɣ	N	apɣ.	N_odd	внук	grandson	x
apiɣ	N	apiɣ.|apɣ.	N_even	внук	grandson	
apəɣ	N	apəɣ.|apɣ.	N_even	внук	grandson	x
ar	ADJ	ar.	ADJ_odd	гладкий	smooth	x
āran	N	āran.	N_even	Аран		x
āraɕ	N	āraɕ.	N_even	очаг	hearth	
arɣēn	X	arɣēn.	X_even	зря	in.vain	
ariɣ	ADJ	ariɣ.	ADJ_even	лишний	extra	
ariɣt	V	ariɣt.	V_even	остаться	stay	
ārt	N	ārt.	N_odd	способ	way	
art	V	art.	V_odd	способ	way	x
ārɕin	N	ārɕin.	N_even	аршин	arshin	
ās	N	ās.	N_odd	Обь	Ob	
as	N	as.	N_odd	дырка	hole	
as	N	as.	N_odd	отверстие	hole	x
āɕ	N	āɕ.	N_odd	отец	father	
āse	N	āse.	N_even	отец	father	x
āst	V	āst.	V_odd	закончить	finish	
ast	V	ast.	V_odd	кончить	finish	x
at=	X	at.	X_odd	NEG	NEG	x
at	N	at.	N_odd	запах	smell	
at	NUM	at.	NUM_odd	пять	five	
at	N	at.	N_odd	собирать	gather	x
at	V	at.	V_odd	собирать	gather	
āt'i	X	āt'i.	X_even	NEG.PRED	NEG.PRED	
āt'i	N	āt'i.	N_even	EX		x
āt'i	N	āt'i.	N_even	нет	no	x
āt'im	X	āt'im.	X_even	NEG.EX	NEG.EX	
atint	V	atint.	V_even	нюхать	sniff	
atpan	NUM	atpan.	NUM_even	пятьдесят	fifty	
atər	ADJ	atər.	ADJ_even	ясный	clear	
awi	N	awi.	N_even	дверь	door	x
āwi	N	āwi.	N_even	дверь	door	
axa	X	axa.	X_even	ага	aha	
axtas	N	axtas.	N_even	камень	stone	x
āxwtas	N	āxwtas.	N_even	камень	stone	
āŋkw	N	āŋkw.	N_odd	мать	mother	
aŋkal	N	aŋkal.	N_even	ствол	trunk	x
aŋkwal	N	aŋkwal.	N_even	пень	stump	x
aŋkwal	N	aŋkwal.	N_even	ствол	trunk	x
aŋkwal	N	aŋkwal.	N_even	столб	pole	x
āŋkwal	N	āŋkwal.	N_even	ствол	trunk	x
āŋkwal	N	āŋkwal.	N_even	столб	pole	
āŋkwat	V	āŋkwat.	V_even	взглянуть	glance	
āŋxw	V	āŋxw.	V_odd	снять	take.off	
aɕ	N	aɕ.	N_odd	отец	father	x
āɕ	N	āɕ.	N_odd	отец	father	x
āɕe	N	āɕe.	N_even	отец	father	x
aɕirma	N	aɕirma.	N_odd	холод	cold	
e	X	e.	X_odd	эй	hey	
ē	N	ē.	N_odd	э	hey	x
eɣe	X	eɣe.	X_even	эгей	hey	
ekwa	N	ekwa.	N_even	жена	wife	x
ekwa	N	ekwa.	N_even	женщина	woman	x
ēkwa	N	ēkwa.	N_even	женщина	woman	
el	N	el.	N_odd	далеко	far	x
ēl=	PREV	ēl.//ēla.	PREV_odd	вперед	forward	
ēl	X	ēl.	X_odd	вперед	forward	x
ela	N	ela.	N_even	вперёд	forward	x
ela	N	ela.	N_even	далеко	far	x
ēla	X	ēla.	X_even	вперед	forward	x
ēlal'	ADV	ēlal'.	ADV_even	вперед	forward	
eli	N	eli.	N_even	далеко	far	x
ēli	ADJ	ēli.	ADJ_even	передний	front	
elm	N	elm.	N_odd	EMPH		x
ēlmi	N	ēlmi.	N_even	лезвие	blade	
elmxolas	N	elmxolas.	N_odd	человек	person	x
ēlmxolas	N	ēlmxolas.	N_odd	человек	human	
ēln	ADV	ēln.	ADV_odd	впереди	ahead	
elumxolas	N	elumxolas.	N_even	человек	person	x
ent	N	ent.	N_odd	опоясать	gird	x
ēnt	V	ēnt.	V_odd	опоясать	gird	
ep	N	ep.	N_odd	воздух	air	x
er	N	er.	N_odd	момент	moment	x
er	N	er.	N_odd	надо	is.needed	x
er	V	er.	V_odd	надлежать	be.needed	x
er	V	er.	V_odd	надо	is.needed	x
er	V	er.	V_odd	нуждаться	need	x
ēr	V	ēr.	V_odd	нужно	be.needed	
erɣ	N	erɣ.	N_odd	песня	song	x
erɣ	V	erɣ.	V_odd	петь	sing	x
ēriɣ	N	ēriɣ.|ērɣ.	N_even	песня	song	
ert	N	ert.	N_odd	когда	when	x
ert	N	ert.	N_odd	момент	moment	x
ert	N	ert.	N_odd	раз	time	x
ērt	X	ērt.	X_odd	во.время	during	
ertal	ADJ	ertal.	ADJ_even	неприятный	unpleasant	x
ērtt	N	ērtt.	N_odd	момент	moment	x
erəɣ	N	erəɣ.|erɣ.	N_even	песня	song	x
ērəŋ	ADV	ērəŋ.	ADV_even	вероятно	probably	
ēsərma	N	ēsərma.	N_odd	стыд	shame	
ēt	N	ēt.	N_odd	ночь	night	
ete	N	ete.	N_even	ночь	night	x
eti	V	eti.	V_even	вечер	evening	x
ētim	V	ētim.	V_even	темнеть	get.dark	
eti	V	eti.	V_even	ночью	at.night	x
eti	N	eti.	N_even	ночью	at.night	x
ēti	V	ēti.	V_even	ночь	night	x
ēŋən	N	ēŋən.|ēŋn.	N_odd	подбородок	chin	
eŋkaj	N	eŋkaj.	N_even	слуга	servant	c
i	N	i.	N_odd	ADD		x
i	X	i.	X_odd	и	and	
inar	N	inar.	N_even	седло	saddle	
is	N	is.	N_odd	душа	soul	
is	V	is.	V_odd	приземлиться	land	x
is	V	is.	V_odd	согреться	warm.up	
īs	V	īs.	V_odd	приземлиться	land	
īsnas	N	īsnas.	N_even	окно	window	
isum	ADJ	isum.	ADJ_even	горячий	hot	
isxor	N	isxor.	N_even	тень	shadow	
it	N	it.	N_odd	скорость	speed	
iti	N	iti.	N_even	вечер	evening	x
iti	V	iti.	V_even	вечер	evening	x
īti	ADV	īti.	ADV_even	ночью	at.night	
īti	V	īti.	V_even	вечер	evening	x
iŋ	X	iŋ.	X_odd	ещё	still_yet	
ižwer	N	ižwer.	N_even	зверь	animal	x
iɕwēr	N	iɕwēr.	N_even	зверь	animal	
ja	N	ja.	N_odd	EMPH		x
ja	N	ja.	N_odd	PTCL		x
ja	N	ja.	N_odd	же	isn't.it	x
ja	X	ja.	X_odd	ну	well	
jā	N	jā.	N_odd	река	river	
jaɣ	N	jaɣ.	N_odd	отец	father	
jaɣaɣi	N	jaɣaɣi.	N_odd	сестра	sister	x
jaɣāɣi	N	jaɣāɣi.	N_odd	сестра	sister	x
jaɣpiɣ	N	jaɣpiɣ.	N_even	брат	brother	x
jaj	V	jaj.	V_odd	идти	walk	
jakt	V	jakt.	V_odd	делить	divide	x
jakt	V	jakt.	V_odd	резать	cut	
jal	V	jal.	V_odd	сходить	go.get	
jal	V	jal.	V_odd	сходить	go	x
jal	V	jal.	V_odd	ходить	walk	x
jal	V	jal.	V_odd	шагать	step	x
jala	V	jala.	V_even	ездить	ride	x
jalp	N	jalp.	N_odd	святой	holy	x
jalp	N	jalp.	N_odd	священный	sacred	x
jalpəŋ	ADJ	jalpəŋ.//jalp.	ADJ_even	святой	holy	
jalpəŋ	ADJ	jalpəŋ.|jalpŋ.	ADJ_even	святой	holy	x
jalpəŋ	ADJ	jalpəŋ.|jalpŋ.	ADJ_even	священный	sacred	x
jalt	V	jalt.	V_odd	ожить	come.to.life	
jan	ADJ	jan.	ADJ_odd	большой	big	x
jan	N	jan.	N_odd	большой	big	x
jan	N	jan.	N_odd	река	river	x
janɣ	N	janɣ.	N_odd	большой	big	x
janiɣ	ADJ	janiɣ.	ADJ_even	Большой		x
janiɣ	ADJ	janiɣ.	ADJ_even	большой	big	x
janiɣ	N	janiɣ.	N_even	большой	big	x
janiɣ	V	janiɣ.	V_even	большой	big	x
janit	N	janit.	N_even	величина	size	
janiɣ	ADJ	janiɣ.|janɣ//jan.	ADJ_even	большой	big	
janəɣ	V	janəɣ.|janɣ.	V_even	большой	big	x
jārum	N	jārum|jārm.	N_odd	беда	trouble	
jārmak	N	jārmak.	N_even	шелк	silk	
jārt	V	jart.	V_odd	удерживать	detain	
jarum	N	jarum.	N_even	беда	trouble	x
jas	N	jas.	N_odd	тропа	path	
jassa	X	jassa.	X_even	верно	correct	
jat	N	jat.	N_odd	середина	middle	x
jāŋk	ADJ	jaŋk.	ADJ_odd	белый	white	
jaŋk	N	jaŋk.	N_odd	белый	white	x
jaŋk	N	jaŋk.	N_odd	белый/лёд		x
jāŋk	N	jāŋk.	N_odd	лёд	ice	
jekwar	N	jekwar.	N_even	корень	root	c
jemt	V	jemt.	V_odd	случаться	happen	x
jemt	V	jemt.	V_odd	стать	become	x
jēmt	V	jēmt.	V_odd	стать	become	
ji	V	ji.	V_odd	войти	enter	x
ji	V	ji.	V_odd	идти	walk	
ji	V	ji.	V_odd	прийти	come	x
jī	V	jī.	V_odd	идти	walk	x
jik	N	jik.	N_odd	валежник	windfall	c
jīkw	V	jīkw.	V_odd	танцевать	dance	
jil'pi	ADJ	jil'pi.	ADJ_even	новый	new	
jin	V	jin.	V_odd	кроить	cut	
jipiɣ	N	jipiɣ.|jipɣ	N_even	филин	eagle.owl	
jipəɣ	N	jipəɣ.|jipɣ.	N_even	филин	eagle.owl	x
jir	N	jir.	N_odd	жертва	sacrifice	
jis	ADJ	jis.	ADJ_odd	древний	ancient	
jis	N	jis.	N_odd	древний	ancient	x
jiti	N	jiti.	N_even	ночь	night	x
jiw	N	jiw.	N_odd	Дерево		x
jīw	N	jiw.	N_odd	дерево	tree	
jol=	PREV	jol.//jola.	PREV_odd	вниз	down	
jol	N	jol.	N_odd	внизу	below	x
jol	N	jol.	N_odd	сидение	seat	x
jola	N	jola.	N_even	вниз	down	x
joli	ADJ	joli.	ADJ_even	нижний	lower	
joln	X	joln.	X_odd	внизу	below	
jom	V	jom.	V_odd	идти	go	x
jōm	V	jōm.	V_odd	идти	go	x
jōm	V	jōm.	V_odd	шагать	step	
jomas	ADJ	jomas.	ADJ_even	Хороший		x
jomas	ADJ	jomas.	ADJ_even	хороший	good	
jomas	N	jomas.	N_even	хорошо	well	x
jomaɕ	N	jomaɕ.	N_even	хорошо	well	x
jomaɕakwe	ADV	jomaɕakwe.//jomaɕakw.//jomɕakw.	ADV_even	хорошо	well	
jomɕakw	N	jomɕakw.	N_even	хорошенько	thoroughly	x
jonɣ	V	jonɣ.	V_odd	играть	play	
jōnɣ	V	jōnɣ.	V_odd	играть	play	x
jōnɣəŋt	V	jōnɣəŋt.|jōnɣŋt.	V_even	наигрывать	play	x
jor	V	jor.	V_odd	медленность	slowness	x
jōr	N	jōr.	N_odd	сила	strength	
jorɣ	V	jorɣ.	V_odd	строгать	plane	
jōrn	N	jōrn.	N_odd	ненец	Nenets	
jos	N	jos.//josa.	N_odd	лыжа	ski	
jos	N	jos.	N_odd	сокол	falcon	c
jos	V	jos.	V_odd	мокнуть	get.wet	
josa	N	josa.	N_even	лыжи	skis	x
jot	X	jot.	X_odd	COM	COM	
jotəl	X	jotəl	X_even	затем	then	
jowt	N	jowt.	N_odd	лук	bow	x
jowt	N	jowt.	N_odd	стрела	arrow	x
jowt	V	jowt.	V_odd	покупать	buy	
jōwt	V	jōwt.	V_odd	лук	bow	
jox	V	jox.	V_odd	вращаться	rotate	x
joxt	V	joxt.	V_odd	идти	go	x
joxt	V	joxt.	V_odd	прийти	come	
joxt	V	joxt.	V_odd	ходить	walk	x
joxte	V	joxte.	V_even	прийти	come	x
joŋx	V	joŋx.	V_odd	вращаться	rotate	x
joŋx	V	joŋx.	V_odd	кружиться	spin	x
jōŋx	V	jōŋx.	V_odd	кружиться	spin	
jóxt	V	jóxt.	V_odd	прийти	come	x
jóŋx	V	jóŋx.	V_odd	кружиться	spin	x
ju	N	ju.	N_odd	зад	back	x
ju	V	ju.	V_odd	идти	go	x
jui	N	jui.	N_even	внутрь	inside	x
jui	N	jui.	N_even	зад	back	x
jui	N	jui.	N_even	назад	back	x
jui	N	jui.	N_even	сзади	behind	x
juj	N	juj.	N_odd	зад	back	
juji	N	juji.	N_even	зад	back	x
juji	ADJ	juji.	ADJ_even	задний	back	
jun	ADV	jun.	ADV_odd	дома	at.home	
jun	V	jun.	V_odd	дома	at.home	x
jūnt	V	jūnt.	V_odd	шить	sew	
junt	N	junt.	N_odd	шить	sew	x
jūniɣt	V	jūniɣt.	V_even	ударить	hit	
jūpk	N	jūpk.//jūpka	N_odd	юбка	skirt	
jurt	N	jurt.	N_odd	друг	friend	
jurɕ	V	jurɕ.	V_odd	подружить	befriend	x
jurɕxat	V	jurɕxat.	V_even	присоединиться	join	
juw	N	juw.	N_odd	3SG		x
juw	N	juw.	N_odd	Внутрь		x
juw=	PREV	juw.	PREV_odd	внутрь	inside	
juw	N	juw.	N_odd	мука	flour	x
juw	N	juw.	N_odd	назад	back	x
juw	N	juw.	N_odd	сторону		x
juw	ADV	juw.	ADV_odd	домой	home	
juw	V	juw.	V_odd	идти	go	x
juwlè	N	juwlè.	N_odd	назад	back	x
kaj	V	kaj.	V_odd	баловаться	play.around	c
kaj	N	kaj.	N_odd	эй	hey	x
kakər	N	kakər.|kakr.	N_even	торс	torso	
kālaɕ	N	kālaɕ.	N_odd	калач	kalach	
kaltaɕ	N	kaltaɕ.	N_even	Калтащ	Kaltash	
kal'	N	kal'.	N_odd	самка	female	c
kan	V	kan.	V_odd	зло	evil	x
kan	N	kan.	N_odd	место	place	
kan	N	kan.	N_odd	площадь	square	x
kant	N	kant.	N_odd	зло	evil	x
kant	V	kant.	V_odd	зло	evil	x
kant	N	kant.	N_odd	злость	anger	
kan'ɕ	V	kan'ɕ.	V_odd	сохнуть	dry	x
kapaj	ADJ	kapaj.	ADJ_even	великий	great	x
kapjan	N	kapjan.	N_even	капьян	kapyan	x
kapərt	V	kapərt.	V_even	дурачиться	fool.around	
karek	N	karek.	N_even	грех	sin	
karəs	ADJ	karəs.|kars.	ADJ_odd	высокий	tall	
kars	N	kars.	N_odd	высокий	tall	x
kārt	V	kārt.	V_odd	сосредоточить	concentrate	
kārta	N	kārta.	N_even	ограда	fence	
kās	N	kās.	N_odd	радость	joy	
kas	N	kas.	N_odd	соревнование	competition	
kas	V	kas.	V_odd	состязаться	compete	
kasaj	N	kasaj.	N_even	нож	knife	
kāsal	V	kāsal.	V_even	заметить	notice	
kasal	V	kasal.	V_even	замечать	notice	x
kāsew	N	kasew.	N_even	плотва	roach	
kastak	N	kastak.	N_even	стол	table	c
kastəl	X	kastəl.	X_even	для	for	
kāsum	N	kāsum.	N_even	Казым	Kazym	
kasər	V	kasər.|kasr.	V_even	карты	cards	
kāsəŋ	ADJ	kasəŋ	ADJ_even	каждый	every	
kat	N	kat.	N_odd	рука	hand	x
kat	N	kat.	N_odd	руки	hands	x
kāt	N	kāt.	N_odd	рука	hand	
kat'i	N	kat'i.	N_even	кошка	cat	
ke	N	ke.	N_odd	3SG		x
ke	X	ke.	X_odd	COND	COND	
ke	N	ke.	N_odd	если	if	x
kēl	V	kēl.	V_odd	красить	paint	
kēliɣ	N	kēliɣ.|kēlɣ.	N_even	болото	swamp	
kelp	N	kēlp.//kēlup	N_odd	кровь	blood	
kēləɣ	N	kēləɣ.|kēlɣ.	N_even	болото	swamp	x
kem	X	kem.//kēm	X_odd	APPR	APPR	x
kēm	N	kēm.	N_odd	количество	quantity	
kem	N	kem.	N_odd	манера	manner	x
kem	N	kem.	N_odd	энергия/APPR		x
kēm	N	kēm.	N_odd	APPR		x
kēnt	N	kēnt.	N_odd	шапка	hat	
kēn'ɕaml	V	ken'ɕaml.	V_even	пробуждаться	awaken	
kēr	N	kēr.	N_odd	железо	iron	
kēr	V	ker.	V_odd	запрягать	harness	
ker	V	ker.	V_odd	запрячь	harness	x
kēr	N	kēr.	N_odd	железо	iron	x
kēras	N	keras.	N_even	скала	cliff	
ket	V	ket.	V_odd	послать	send	x
kēt	V	kēt.	V_odd	послать	send	
keŋən	N	keŋən.|keŋn.	N_even	пуговица	button	c
kins	V	kins.|kis.	V_odd	искать	search	
kins	V	kins.	V_odd	отыскивать	search	x
kirtəx	N	kirtəx.|kirtx.	N_even	Киртых		c
kis	V	kis.	V_odd	искать	search	x
kis	V	kis.//kisɣ.	V_odd	свистеть	whistle	
kis	N	kis.	N_odd	обруч	hoop	
kisɣ	N	kisɣ.	N_odd	свистеть	whistle	x
kislakw	N	kislakw.	N_even	кругом	around	x
kismaj	V	kismaj.	V_even	рыть	dig	x
kit	NUM	kit.//kitiɣ	NUM_odd	два	two	
kit	N	kit.	N_odd	две	two	x
kit	V	kit.	V_odd	спросить	ask	x
kitɣ	V	kitɣ.	V_odd	два	two	x
kitiɣl	V	kitiɣl.	V_even	спрашивать	ask	
kitt	N	kitt.	N_odd	два	two	x
kitxujplow	V	kitxujplow.	V_odd	двенадцать	twelve	x
kitxujplow	NUM	kitxujplow.	NUM_odd	двенадцать	twelve	
kitəɣ	V	kitəɣ.|kitɣ.	V_even	два	two	x
kitəɣl	V	kitəɣl.|kitɣl.	V_even	спрашивать	ask	x
kitəntiɣ	N	kitəntiɣ.	N_odd	вторично	secondary	x
kiw	N	kiw.	N_odd	камень	stone	x
kiwer	N	kiwer.	N_even	нутро	insides	x
kīwt	V	kīwt.	V_odd	точить	sharpen	
kīwər	N	kīwər.|kīwr.	N_even	внутренность	inside	
kojup	N	kojup.//kojp.	N_even	бубен	tambourine	
kol	N	kol.	N_odd	дом	house	
kolas	N	kolas.	N_even	мука	flour	
kolkan	N	kolkan.	N_even	пол	floor	
kon=	PREV	kon.//kona.	PREV_odd	наружу	outside	
kon	ADV	kon.//kona.	ADV_odd	cнаружи	outside	
kona	N	kona.	N_even	наружу	outside	x
kona	N	kona.	N_even	снаружи	outside	x
koni	ADJ	koni.	ADJ_even	наружний	outer	
kons	N	kons.//kos.	N_odd	коготь	claw	
kons	V	kons.	V_odd	царапать	scratch	
kos	N	kos.	N_odd	CONC	CONC	
kos	N	kos.	N_odd	вместе	together	x
kos	N	kos.	N_odd	коготь	claw	x
kos	N	kos.	N_odd	хоть	at.least	x
kot	N	kot.	N_odd	кисы	deer.skin.shoes	
kot'il'	N	kot'il'.//kot'l'	N_even	середина	middle	
kotli	N	kotli.	N_even	середина	middle	x
kotərt	V	kotərt.	V_even	жечь	burn	
kūɕaj	N	kūɕaj.	N_even	хозяин	master	
koɕaj	V	koɕaj.	V_even	хозяин	host	x
kukkuk	N	kukkuk.	N_even	кукушка	cuckoo	
kul'	N	kul'.	N_odd	черт	demon	
kūn'ar	N	kūn'ar.	N_even	несчастный	poor	
kupn	ADJ	kupn.	ADJ_odd	лёгкий	light	x
kūpn'it	ADJ	kūpn'it.	ADJ_even	легкий	easy	
kur	N	kur.	N_odd	печка	stove	x
kūr	N	kūr.	N_odd	печь	oven	
kuraɕ	N	kuraɕ.	N_even	веник	broom	c
kurɣ	V	kurɣ.	V_odd	греметь	thunder	
kus	V	kus.	V_odd	хотеть	want	
kūsnitsa	N	kūsnitsa.	N_odd	кузница	smithy	
kūt'uw	N	kūt'uw.|kūt'w.	N_even	собака	dog	
kut'uw	N	kut'uw.	N_even	хозяин	host	x
kwal	V	kwal.	V_odd	вставать	get.up	x
kwal	V	kwal.	V_odd	встать	stand	x
kwal	V	kwal.	V_odd	выйти	go.out	x
kwāl	V	kwāl.	V_odd	встать	stand	
kwalɣ	V	kwalɣ.	V_odd	сказать	say	x
kwāliɣ	N	kwāliɣ.|kwālɣ	N_even	верёвка	rope	
kwaləɣ	N	kwaləɣ.|kwalɣ.	N_even	верёвка	rope	x
xār	N	xār.	N_odd	самец.оленя	reindeer.bull	
kys	V	kys.	V_even	хотеть	want	x
l	V	l.	V_even	стрелять	shoot	x
laɣl	N	laɣl.	N_odd	ноги	legs	x
laɣəl	N	laɣəl.|laɣl.	N_even	ноги	legs	x
lāɣəl	N	lāɣəl.|lāɣl.	N_even	нога	leg	
laj	V	laj.	V_odd	бросить	throw	x
laj	V	laj.	V_odd	стрелять	shoot	x
lakkwa=	PREV	lakkwa.	PREV_even	врозь	apart	
lakw	V	lakw.	V_odd	подкрадываться	sneak.up	
lākw	V	lākw.	V_odd	обойти.кругом	circle.around	
lākw	N	lākw.	N_odd	обод	rim	
lap	V	lap.	V_odd	взлететь	take.off	
lap=	PREV	lap.	PREV_odd	закрыть	close	
lāpl	V	lāpl.	V_odd	обмануть	deceive	
laps	V	laps.	V_odd	взлететь	take.off	x
lapsa	V	lapsa.	V_even	подниматься	rise	x
lar	V	lar.	V_odd	крутиться	turn	x
laraɕ	N	laraɕ.	N_even	ларец	chest	
lat	N	lat.	N_odd	манера	manner	
lātəŋ	N	lātəŋ.|lātŋ.	N_even	слово	word	
law	V	law.	V_odd	Говорить		x
law	V	law.	V_odd	верёвка	rope	x
law	V	law.	V_odd	говорить	speak	x
law	V	law.	V_odd	сказать	say	x
law	N	law.	N_odd	ненависть	hatred	x
lāw	V	lāw.	V_odd	сказать	say	
lawlt	V	lawlt.	V_odd	говорить	speak	x
laws	V	laws.	V_odd	говорить	speak	x
laws	N	laws.	N_odd	обещание	promise	x
lāɕ	N	lāɕ.	N_odd	медленно	slowly	x
lāɕal	ADJ	lāɕal.//lāɕ	ADJ_even	медленный	slow	
lāɕal	N	lāɕal.	N_even	медленно	slowly	x
lāɕiɣl	V	lāɕiɣl.	V_even	выслеживать	track.down	
lēkkar	N	lēkkar.	N_even	лекарь	healer	
lep	V	lep.	V_odd	покрыть	cover	x
lep	N	lep.	N_odd	покрыть	cover	x
lew	V	lew.	V_odd	вытащить	pull.out	x
lēw	N	lēw.	N_odd	лев	lion	x
lēwat	V	lēwat.	V_even	поднять	lift	
leŋn	N	leŋn.	N_odd	белка	squirrel	x
leŋxn	N	leŋxn.	N_odd	белка	squirrel	x
leŋxən	N	leŋxən.|leŋxn.	N_even	белка	squirrel	x
lēŋən	N	lēŋən.|lēŋn.	N_even	белка	squirrel	
li	V	li.|laj.	V_odd	бросать	throw	
li	V	li.	V_odd	бросить	throw	x
lil	N	lil.	N_odd	дыхание	breath	x
lil	V	lil.	V_odd	дыхание	breath	x
lili	N	lili.	N_even	дыхание	breath	
lili	N	lili.	N_even	жизнь	life	x
lolta	N	lolta.	N_even	заплата		c
lomɣ	V	lomɣ.	V_odd	ворчать	grumble	
lomij	V	lomij.	V_even	ползти	crawl	c
lōmt	N	lomt.	N_odd	кусок	piece	
lōŋxit	V	lōŋxit.	V_even	бить	hit	
lopi	N	lopi.	N_even	коряга	snag	c
lōps	N	lōps.	N_odd	страница	page	
lopəl	N	lopəl.|lopl.	N_even	на	on	c
los	N	los.	N_odd	искра	spark	
lot	N	lot.	N_odd	ценность	value	c
low	N	low.	N_odd	десять	ten	
lōwaɕ	N	lōwaɕ.	N_even	скамья	bench	
lowin't	V	lowin't.	V_even	читать	read	
lowt	V	lowt.	V_odd	мыть	wash	
lōx	N	lōx.	N_odd	залив	bay	
lōx	V	lōx.	V_odd	стучать	knock	
loŋ	V	loŋ.	V_odd	кричать	shout	x
loŋi	N	loŋi.	N_even	собака	dog	x
loŋx	N	loŋx.	N_odd	дорога	road	x
l'ōŋx	N	l'ōŋx.//l'ōx	N_odd	дорога	road	
loŋxal'ɕap	N	loŋxal'ɕap.	N_odd	колокольчик	bell	x
lōŋxan'ɕap	N	lōŋxan'ɕap.	N_odd	колокольчик	bell	
loŋxit	V	loŋxit.	V_even	заболевать	fall.ill	x
lōŋxit	V	lōŋxit.	V_even	бить	hit	x
loɕ	N	loɕ.	N_odd	перепел	quail	
lū	N	lū.	N_odd	кость	bone	x
lui	N	lui.	N_even	север	north	x
lujɣ	V	lujɣ.	V_odd	щебетать	chirp	
luji	N	luji.	N_even	север	north	
luli	N	luli.	N_even	гагара	loon	x
lūli	N	lūli.	N_even	гагарка	loon	
lum	N	lum.	N_odd	жар	heat	
lunt	N	lunt.	N_odd	гусь	goose	
lūpta	N	lūpta.	N_even	лист	leaf	
luw	N	luw.	N_odd	кость	bone	
luw	N	luw.	N_odd	лошадь	horse	
lyw	N	lyw.	N_even	лошадь	horse	x
ləɣ	N	ləɣ.	N_odd	DISC		x
ləɣt	N	ləɣt.	N_odd	DISC		x
l'aɣ	V	l'aɣ.	V_odd	говорить	speak	x
l'aɣal	V	l'aɣal.	V_even	молвить	utter	
l'al't	X	l'al't.	X_odd	навстречу	towards	
l'ām	N	l'ām.	N_odd	черёмуха	bird.cherry	
l'ap	N	l'ap.	N_odd	близко	close	x
l'apa	ADJ	l'apa.	ADJ_even	близкий	close	
l'āwt	V	l'āwt.	V_odd	ругаться	quarrel	
l'ēw	N	l'ēw.	N_odd	лев	lion	
l'ēŋk	N	l'ēŋk.	N_odd	клин	wedge	
l'ōmwoj	N	l'ōmwoj.//l'ōmuj	N_even	комар	mosquito	
l'ou	N	l'ou.	N_even	лев	lion	x
l'ox	N	l'ox.	N_odd	дорога	road	x
l'oŋx	N	l'oŋx.	N_odd	дорога	road	x
l'ōŋx	V	l'ōŋx.	V_odd	путь	path	x
l'ūl	V	l'ūl.	V_odd	встать	stand	x
l'ūl	V	l'ūl.	V_odd	стоять	stand	x
l'ul	V	l'ul.	V_odd	стоять	stand	x
l'ul'	N	l'ul'.	N_odd	плохо	bad	x
l'ul'	N	l'ul'.	N_odd	стоять	stand	x
l'ul'	ADJ	l'ul'.	ADJ_odd	плохой	bad	x
l'ul'	V	l'ul'.	V_odd	стоять	stand	x
l'ūl'	V	l'ūl'.	V_odd	встать	stand	x
l'ūl'	V	l'ūl'.	V_odd	стоять	stand	
l'ūl'	ADJ	l'ūl'.	ADJ_odd	плохой	bad	
l'ūl'it	N	l'ūl'it.	N_even	высота	height	
l'ul'saŋ	ADV	l'ul'saŋ.	ADV_even	плохо	poorly	
l'ul'səŋ	N	l'ul'səŋ.|l'ul'sŋ.	N_even	плохо	bad	x
l'unɕ'	V	l'unɕ'.	V_odd	плакать	cry	x
l'un's	V	l'un's.	V_odd	Плакать		x
l'un'ɕ	V	l'un'ɕ.	V_odd	плакать	cry	x
l'ūn'ɕ	V	l'ūn'ɕ.	V_odd	плакать	cry	
m	V	m.	V_even	дать	give	x
ma	V	ma.	V_odd	дать	give	x
ma	N	ma.	N_odd	земля	earth	x
mā	N	mā.	N_odd	земля	land	
mā	N	mā.	N_odd	место	place	x
māɣ	N	māɣ.	N_odd	мёд	honey	
maɣum	N	maɣum.	N_even	народ	people	x
māɣəs	X	māɣəs.|māɣs.	X_even	для	for	
maj	N	maj.	N_odd	1PL		x
maj	N	maj.	N_odd	ведь	isn't.it	x
maj	V	maj.	V_odd	дать	give	x
mājt	N	mājt.	N_odd	печень	liver	
māk	N	māk.	N_odd	правда	truth	
mal	N	mal.	N_odd	благосостоятельная	rich	x
mālaɕl	V	mālaɕl.	V_even	щупать	feel	
māltəp	ADJ	maltəp.	ADJ_even	тёплый	warm	
mām	N	mām.	N_odd	земля	earth	x
man	N	man.	N_odd	1PL		x
man	N	man.	N_odd	2SG		x
man	X	man.//aman.//mana.	X_odd	Q	Q	
man	V	man.	V_odd	порвать	tear	x
mān	N	mān.	N_odd	или	or	x
mana	N	mana.	N_even	Q		x
māna	ADJ	māna.	ADJ_even	какой	what.kind	x
manar	V	manar.	V_even	делать.что	do.what	
manax	X	manax.	X_even	сколько	how.much	
maniɣt	V	maniɣt.	V_even	рвать	tear	
manumt	V	manumt.	V_even	рвать	tear	
manr	N	manr.	N_odd	что	what	x
manriɣ	X	manriɣ.	X_even	почему	why	
mānt	N	mānt.	N_odd	лопата	shovel	
manur	N	manur.	N_even	что	what	x
manurəl	X	manurəl.	X_odd	как	how	
manər	PRON	manər.|manr.	PRON_even	что	what	
mān'	ADJ	mān'.	ADJ_odd	маленький	small	
mān'ɕi	N	mān'ɕi.	N_even	манси	Mansi	
mar	N	mar.	N_odd	заужение	narrowing	
marawi	ADJ	marawi.	ADJ_odd	густой	thick	
marl	V	marl.	V_odd	окружить	surround	c
marɕum	ADJ	marɕum.	ADJ_even	скучный	boring	
mas	V	mas.	V_odd	надеть	put.on	
mas	V	mas.	V_odd	одевать	dress	x
mas	V	mas.	V_odd	одеваться	get.dressed	x
mat	X	mat.	X_odd	INDEF	INDEF	
mat	V	mat.	V_odd	стареть	get.old	
matum	ADJ	matum.	ADJ_even	старый	old	
matər	N	matər.|matr.	N_even	INDEF		x
matər	PRON	matər.	PRON_even	что.INDEF	something	
māxar	N	māxar.	N_even	мамонт	mammoth	
maxr	N	maxr.	N_odd	мамонт	mammoth	x
māŋkwla	N	maŋkwla.	N_even	сова	owl	
māɕtər	ADJ	māɕtər.	ADJ_even	искусный	skillful	
mej	N	mej.	N_odd	1DU		x
men	N	men.	N_odd	1DU		x
men	N	men.	N_odd	OBL		x
mēn	PRON	mēn.	PRON_odd	1DU	1DU	
mesɣ	N	mesɣ.	N_odd	извилина	gyrus	x
mēsəɣ	N	mēsəɣ.|mēsɣ.	N_even	извилина	bend	
mēt	N	mēt.	N_odd	зарплата	salary	
meŋki	N	meŋki.	N_even	1DU		x
meŋkw	N	meŋkw.	N_odd	менкв	giant	x
mēŋkw	N	mēŋkw.	N_odd	менкв	giant	
mi	V	mi.|maj.	V_odd	дать	give	
mil	ADJ	mil.	ADJ_odd	глубокий	deep	
min	N	min.	N_odd	идти	go	x
min	N	min.	N_odd	комната	room	x
min	V	min.	V_odd	идти	go	x
min	V	min.	V_odd	пойти	set.off	
mina	V	mina.	V_even	идти	go	x
mine	N	mine.	N_even	идти	go	x
mir	N	mir.	N_odd	мис	Mis	x
mir	N	mir.	N_odd	народ	people	
mir	N	mir.	N_odd	общество	society	x
mirɣ	V	mirɣ.	V_odd	греметь	make.noise	
mis	N	mis.	N_odd	корова	cow	
mis	N	mis.	N_odd	мис	Mis	
mis	N	mis.	N_odd	приведение	ghost	x
mōjt	N	mōjt.	N_odd	сказка	tale	
mol	ADJ	mol.	ADJ_odd	прошлый	past	x
mol	N	mol.	N_odd	прошлый	past	x
mōl	ADJ	mōl.	ADJ_odd	прошлый	past	
mōlal	ADV	molal.	ADV_even	раньше	earlier	
moləŋ	ADJ	moləŋ.|molŋ.	ADJ_even	богатый	rich	x
mol'	N	mol'.	N_odd	скоро	soon	x
mol'	V	mol'.	V_odd	скоро	soon	x
mol'aml	V	mol'aml.	V_even	торопиться	hurry	
mol'ax	N	mol'ax.	N_even	быстро	quickly	x
mol'ax	ADJ	mol'ax.	ADJ_even	быстрый	fast	
mol'ax	V	mol'ax.	V_even	быстрый	fast	x
mol'ɕaŋ	N	mol'ɕaŋ.	N_even	малица	outerwear	
mont	N	mont.	N_odd	недавно	recently	x
mor	ADJ	mor.	ADJ_odd	дряной	shabby	x
mori	X	mori.	X_even	зря	in.vain	
mōrsəŋ	ADJ	mōrsəŋ.	ADJ_even	редкий	rare	
mōrt	V	mōrt.	V_odd	мерять	measure	
mōrtim	ADJ	mōrtim.	ADJ_even	южный	southern	
mos	N	mos.	N_odd	болезнь	sickness	
mos	V	mos.	V_odd	болезнь	sickness	x
mōt	ADJ	mōt.//mōtan.	ADJ_odd	другой	another	
mot	N	mot.	N_odd	другой	another	x
motan	N	motan.	N_even	другой	another	x
mōtan	ADJ	mōtan.	ADJ_even	другой	another	x
moɕ	N	moɕ.	N_odd	Мощ	Mosh	
moɕ	N	moɕ.	N_odd	мало	little	x
moɕ	X	moɕ.	X_odd	немного	little	
moɕ	V	moɕ.	V_odd	мало	little	x
moɕɕa	N	moɕɕa.	N_even	мало	a.little	
moɕne	N	moɕne.	N_even	Мощнэ		x
moɕɕa	N	moɕɕa.	N_even	немного	a.little	x
mūj	N	mūj.	N_odd	гость	guest	
muj	V	muj.	V_odd	гость	guest	x
mujle	N	mujle.	N_even	гость	guest	x
mulɣa	N	mulɣa.	N_even	вокруг	around	x
muli	ADJ	muli.	ADJ_even	мужская.кровать	male.bed	
muli	ADJ	muli.	ADJ_even	передний	front	x
an'mūnt	ADV	an'mūnt.	ADV_odd	недавно	recently	
mūrm	V	mūrm.	V_odd	нырнуть	dive	
mus	N	mus.	N_odd	до	to	
mutra	N	mutra.	N_even	мудрость	wisdom	
muwal	X	muwal.	X_even	вокруг	around	
muwal	V	muwal.	V_even	засмеяться	start.laughing	
mūwal	N	mūwal.	N_even	вокруг	around	x
muwin't	N	muwin't.//mowin't.	N_even	смех	laughter	
muwin't	V	muwin't.//mowin't.	V_even	смеяться	laugh	
muwər	N	muwər|muwr.	N_odd	дубина	club	x
muwəl	N	muwəl.|muwl.	N_even	вокруг	around	x
muwər	N	muwər.|muwr.	N_even	дубина	club	
mūŋi	N	mūŋi.	N_even	яйцо	egg	
məɣəs	N	məɣəs.|məɣs.	N_even	для	for	x
na	N	na.	N_odd	на	on	x
naj	N	naj.	N_odd	барышня	young.lady	
naj	N	naj.	N_odd	огонь	fire	
nak	N	nak.	N_odd	комната	room	
nak	N	nak.	N_odd	случай	incident	
nal	N	nal.	N_odd	рукоятка	handle	c
nal	N	nal.	N_odd	сорок	forty	x
n'āl	N	n'āl.	N_odd	стрела	arrow	
naliman	NUM	naliman.	NUM_odd	сорок	forty	
nam	N	nam.	N_odd	имя	name	
namt	V	namt.	V_odd	думать	think	x
naməl	X	naməl.	X_even	нарочно	on.purpose	
nān	PRON	nān.	PRON_odd	2PL	2PL	
naŋ	PRON	naŋ.	PRON_odd	2SG	2SG	
nān	N	nān.	N_odd	2PL		x
nar	N	nar.	N_odd	толкнуть	push	x
nar	V	nar.	V_odd	толкнуть	push	x
narəŋ	ADJ	narəŋ.|narŋ.	ADJ_even	дерзкий	cheeky	x
nas	N	nas.	N_odd	зря	in.vain	x
nas	N	nas.	N_odd	просто	just	x
nas	N	nas.	N_odd	простой	simple	x
nas	ADJ	nas.	ADJ_odd	простой	simple	
naul	V	naul.	V_even	погнать	chase	x
naŋ	N	naŋ.	N_odd	1SG		x
naŋ	N	naŋ.	N_odd	2SG		x
naŋ	N	naŋ.	N_odd	3SG		x
naŋ	N	naŋ.	N_odd	вниз	down	x
naŋ	N	naŋ.	N_odd	словно	as.if	x
naŋ	N	naŋ.	N_odd	ты	you	x
naŋ	V	naŋ.	V_odd	2SG		x
naŋk	N	naŋk.	N_odd	виднеться	be.seen	x
naŋk	N	naŋk.	N_odd	лиственница	larch	x
nāŋk	V	naŋk.	V_odd	виднеться	be.seen	
nāŋk	N	nāŋk.	N_odd	лиственница	larch	
ne	N	ne.	N_odd	NEG		x
ne	N	ne.	N_odd	женщина	woman	x
ne	V	ne.	V_odd	показаться	appear	x
nē	N	nē.	N_odd	жена	wife	x
nē	N	nē.	N_odd	женщина	woman	
neɣ	V	neɣ.	V_odd	привязать	tie	x
nēɣ	V	nēɣ.	V_odd	привязать	tie	
neɣl	V	neɣl.	V_odd	показаться	appear	x
nēɣl	V	nēɣl.	V_odd	появиться	appear	
nejl	V	nejl.	V_odd	показаться	appear	x
nēlum	N	nēlum.|nēlm.	N_odd	язык	tongue	
nēm	X	nēm.	X_odd	PRON.NEG	PRON.NEG	x
nematr	N	nematr.	N_even	ничего	nothing	x
nematər	N	nematər.	N_odd	ничего	nothing	x
nen	N	nen.	N_odd	2DU		x
nēn	PRON	nēn.	PRON_odd	2DU	2DU	
nensa	N	nensa.	N_even	ненец	Nenets	
nēpak	N	nēpak.	N_even	книга	book	
nepak	N	nepak.	N_even	человек	person	x
nēr	N	nēr.	N_odd	пена	foam	
nom	V	nom.	V_odd	помнить	remember	
nom	V	nom.	V_odd	думать	think	x
noms	V	noms.	V_odd	думать	think	x
nomt	N	nomt.	N_odd	ум	mind	
nop	V	nop.	V_odd	утонуть	drown	
nor	N	nor.	N_odd	бревно	log	
norma	N	norma.	N_even	полка	shelf	
nort	V	nort.	V_odd	стелить	spread.out	
not	N	not.	N_odd	век	century	
not'ja	N	not'ja.	N_even	нодья	slow.log.bonfire	c
notja	N	notja.	N_even	нодья	slow.log.bonfire	x
noutup	N	noutup.	N_odd	шабер		c
now	V	now.	V_odd	трогать	touch	
nōx=	PREV	nōx.|nōŋx.//nōŋxa.	PREV_odd	вверх	up	
nox	N	nox.	N_odd	верх	top	x
nox	N	nox.	N_odd	наверх	up	x
nox	V	nox.	V_odd	окоченеть	stiffen	
noŋx	N	noŋx.	N_odd	Вверх		x
nōŋx	N	nōŋx.	N_odd	вверх	up	x
noŋxa	N	noŋxa.	N_even	наверх	up	x
nuj	V	nuj.	V_odd	сдирать	peel.off	
nuj	N	nuj.	N_odd	сукно	cloth	
nul	N	nul.	N_odd	стремнина	rapid.river.part	
num	N	num.	N_odd	верх	top	
numi	ADJ	numi.	ADJ_even	верхний	upper	
numi	N	numi.	N_even	верхний	upper	x
numə	N	numə.	N_even	верхний	upper	x
numən	ADV	numən.	ADV_even	наверху	up	
nupəl	N	nupəl.|nupl.	N_even	в	in	x
nupəl	N	nupəl.|nupl.	N_even	к	towards	
nur	N	nur.	N_odd	месть	revenge	
nuw	N	nuw.	N_odd	3SG		x
nys	N	nys.	N_even	бедный	poor	x
nusa	ADJ	nusa.	ADJ_odd	бедный	poor	
nysa	N	nysa.	N_odd	бедный	poor	x
n'ājt	N	n'ājt.	N_odd	шаман	shaman	
n'akw	N	n'akw.	N_odd	пыль	dust	
n'akɕ	V	n'akɕ.	V_odd	шлёпать	slap	c
n'al	N	n'al.	N_odd	лук	bow	x
n'al	N	n'al.	N_odd	стрела	arrow	x
n'al	V	n'al.	V_odd	стрела	arrow	x
n'ali	N	n'ali.	N_even	стрела	arrow	x
n'allaŋ	N	n'allaŋ.	N_even	Няльтье		x
n'āl'	N	n'āl'.	N_odd	слопец	trap	
n'al'ɕ	N	n'al'ɕ.	N_odd	слизь	slime	
n'ān'	N	n'ān'.	N_odd	хлеб	bread	
n'ār	ADJ	n'ār.	ADJ_odd	сырой	raw	
n'ār	ADJ	n'ār.	ADJ_odd	голый	naked	
n'ara	N	n'ara.	N_even	нярки	fur.stockings	
n'art	V	n'art.	V_odd	скрести	scratch	
n'aul	V	n'aul.	V_even	догнать	catch.up	x
n'aul	V	n'aul.	V_even	погнать	chase	x
n'aul	V	n'aul.	V_even	прогнать	chase.away	x
n'āwl	V	n'āwl.	V_odd	гнать	chase	
n'awram	V	n'awram.	V_even	идти	go	x
n'awram	N	n'awram.	N_even	ребёнок	child	x
n'āwram	N	n'āwram.	N_even	ребёнок	child	
n'axɕumwol'	N	n'axɕumwol'.	N_odd	Няксимволь	Nyaximvol	
n'axt	V	n'axt.	V_odd	чихать	sneeze	
n'aŋra	ADJ	n'aŋra.	ADJ_even	суровый	harsh	
n'aŋra	N	n'aŋra.	N_even	суровый	harsh	x
n'ēɕe	N	n'ēɕe.	N_even	Неще		x
n'il	N	n'il.	N_odd	четыре	four	x
n'ila	NUM	n'ila.	NUM_even	четыре	four	
n'il'taŋ	N	n'il'taŋ.	N_even	Нильдино	Nildino	
n'ir	N	n'ir.	N_odd	прут	twig	
n'ol	N	n'ol.	N_odd	мыс/нос		x
n'ol	N	n'ol.	N_odd	нос	nose	
n'oliɣt	V	n'oliɣt.	V_even	облизываться	lick	
n'ōr	N	n'ōr.	N_odd	гора	mountain	
n'or	V	n'or.	V_odd	гора	mountain	x
n'or	V	n'or.	V_odd	ползти	crawl	
n'ow	V	n'ow.	V_odd	двинуться	move	
n'owl'	N	n'owl'.	N_odd	мясо	meat	x
n'owəl	N	n'owəl.|n'owl.	N_even	мясо	meat	x
n'ōwəl'	N	n'ōwəl'.|n'ōwl'.	N_even	мясо	meat	
n'oxs	N	n'oxs.	N_odd	соболь	sable	x
n'oxəs	N	n'oxəs.|n'oxs.	N_even	соболь	sable	
n'ūns	V	n'ūns.	V_odd	вытянуться	stretch.out	
n'ūrum	N	n'ūrum.|n'ūrm.	N_odd	олень	deer	
n'usm	N	n'usm.	N_odd	родственник	relative	c
n'uw	V	n'uw.	V_odd	двигаться	move	x
o	N	o.	N_odd	О		x
o	V	o.	V_odd	быть	be	x
ō	N	ō.	N_odd	Ж		x
oj	V	oj.	V_odd	заснуть	fall.asleep	
oj	V	oj.	V_odd	пить	drink	x
oj	V	oj.	V_odd	убежать	run.away	
oj	V	oj.	V_odd	уснуть	fall.asleep	x
ōj	V	ōj.	V_odd	заснуть	fall.asleep	x
ojka	N	ojka.	N_even	муж	husband	x
ojka	N	ojka.	N_even	мужчина	man	x
ōjka	N	ōjka.	N_even	мужчина	man	
ol	V	ol.	V_odd	быть	be	x
ol	V	ol.	V_odd	жить	live	x
ol	N	ol.	N_odd	земля	earth	x
ōl	V	ōl.	V_odd	быть	be	
ōl	V	ōl.	V_odd	жить	live	x
ole	V	ole.	V_even	быть	be	x
ole	V	ole.	V_even	жить	live	x
oln	N	oln.	N_odd	деньги	money	
oln	N	oln.	N_odd	серебро	silver	x
oln	V	oln.	V_odd	серебро	silver	x
ōlt	V	ōlt.	V_odd	соединить	connect	
oma	N	oma.	N_even	мать	mother	
ont	V	ont.	V_odd	прибыть	arrive	c
ontolow	NUM	ontolow.	NUM_odd	девять	nine	
onɕ	V	onɕ.	V_odd	иметь	have	x
ōn'ɣa	N	ōn'ɣa.	N_even	невестка	daughter.in.law	
on'ɣa	N	on'ɣa.	N_even	невестка	daughter.in.law	x
ōn's	V	ōn's.	V_odd	иметь	have	x
on'ɕ	V	on'ɕ.	V_odd	иметь	have	x
on'ɕ	V	on'ɕ.	V_odd	родить	give.birth	x
ōn'ɕ	V	ōn'ɕ.|ōɕ.	V_odd	иметь	have	
oras	N	oras.	N_even	бревно	log	
os	N	os.	N_odd	3SG		x
os	N	os.	N_odd	ADD		x
os	N	os.	N_odd	Возможность	possibility	x
os	N	os.	N_odd	поверхность	surface	
os	N	os.	N_odd	толстый	thick	x
os	N	os.	N_odd	тот	that	x
os	ADJ	os.	ADJ_odd	толстый	thick	x
ōs	X	ōs.	X_odd	ADD	ADD	
ōs	N	ōs.	N_odd	время	time	x
osma	N	osma.	N_even	подушка	pillow	
ossuwl	V	ossuwl.	V_even	оставлять	leave	
osəŋ	ADJ	osəŋ.	ADJ_even	толстый	thick	
ōsəŋ	ADJ	ōsəŋ.|ōsŋ.	ADJ_even	толстый	thick	x
ot	ADJ	ot.	ADJ_odd	ласковый	affectionate	x
oter	N	oter.	N_even	богатырь	hero	x
otnāko	X	otnāko.	X_odd	однако	however	
otr	N	otr.	N_odd	богатырь	hero	x
ōtər	N	ōtər.|ōtr.	N_even	богатырь	hero	
oule	N	oule.	N_odd	конец	end	x
ow	N	ow.	N_odd	течение	current	
ow	V	ow.	V_odd	течь	flow	
owl	N	owl.	N_odd	вина	guilt	x
owl	N	owl.	N_odd	конец	end	x
owmaŋ	ADJ	owmaŋ.	ADJ_even	текущий	flowing	
owəl	N	owəl.|owl.	N_even	вина	guilt	c
owəl	N	owəl.|owl.	N_even	конец	end	x
ōwəl	N	ōwəl.|ōwl.	N_even	конец	end	
oxsar	N	oxsar.	N_even	лиса	fox	
oxsar	N	oxsar.	N_even	лисица	fox	x
oxsar	V	oxsar.	V_even	лиса	fox	x
ōxsar	N	ōxsar.	N_even	лиса	fox	x
ōŋx	N	ōŋx.	N_odd	смола	resin	
oɕ	V	oɕ.	V_odd	иметь	have	x
oɕ	N	oɕ.	N_odd	плетень	fence	x
ōɕa	N	ōɕa.	N_even	3SG		x
oɕmar	N	oɕmar.	N_even	хитрость	cunning	
oɕmar	V	oɕmar.	V_even	хитрость	cunning	x
oɕɕa	ADJ	oɕɕa.	ADJ_even	тонкий	thin	
p	N	p.	N_even	П		x
paj	N	paj.	N_odd	гора	mountain	x
pājalt	V	pājalt.	V_even	закипеть	boil	
pajp	N	pajp.	N_odd	кузов	basket	
pajp	N	pajp.	N_odd	пайва		x
pājt	V	pājt.	V_odd	варить	cook	
pākw	N	pākw.	N_odd	шишка	cone	
pāl	N	pāl.	N_odd	половина	half	
pāl	N	pāl.	N_odd	сторона	side	
pal'	N	pal'.	N_odd	ухо	ear	
pāl	N	pāl.	N_odd	сторона	side	x
pali	N	pali.	N_even	длина	length	x
palit	N	palit.	N_even	длина	length	
palt	N	palt.	N_odd	в	in	x
palt	N	palt.	N_odd	к	to	
palt	N	palt.	N_odd	часть	part	x
palt	V	palt.	V_odd	разжечь	kindle	x
pālt	V	pālt.	V_odd	затопить	kindle	
pal'	N	pal'.	N_odd	ухо	ear	x
pal'tilt	V	pal'tilt.	V_even	услышать	hear	x
pant	V	pant.	V_odd	накрыть	cover	
pānt	N	pānt.	N_odd	двоюродный.брат	male.cousin	
pān'a	N	pān'a.	N_even	баня	sauna	
pan'ɕi	ADJ	pan'ɕi.	ADJ_even	простой	simple	c
pārɣ	V	parɣ.	V_odd	фыркнуть	snort	
parəs	N	parəs.//pars.	N_odd	доход	income	
pārsa	N	pārsa.	N_even	баржа	barge	
pārt	N	pārt.	N_odd	доска	board	
pas	V	pas.	V_odd	пахнуть	smell	
pas	N	pas.	N_odd	предел	limit	c
pasan	N	pasan.	N_even	стол	table	
pasap	V	pasap.	V_even	износиться	wear.out	
pasat	V	pasat.	V_even	проткнуть	pierce	
pāsiɣ	N	pāsiɣ.	N_even	оленёнок	fawn	
pastər	N	pastər.	N_even	Пастыр	Pastyr	
pāsɣ	V	pāsəɣ.	V_even	сверлить	drill	
pasən	N	pasən.|pasn.	N_even	стол	table	x
pat	V	pat.	V_odd	начать	start	x
pat	V	pat.	V_odd	падать	fall	
pat	V	pat.	V_odd	стать	become	x
pat	V	pat.	V_odd	упасть	fall	x
pat	N	pat.	N_odd	падать	fall	x
pat	N	pat.	N_odd	только	only	x
pat	N	pat.	N_odd	утка	duck	x
pātamt	V	pātamt.	V_even	выстрелить	shoot	
pātər	V	pātər.|pātr.	V_odd	исчезать	disappear	
patr	V	patr.	V_odd	скрыться	hide	x
pats	N	pats.	N_odd	начать	start	x
patt	V	patt.	V_odd	уронить	drop	x
patta	N	patta.	N_even	дно	bottom	
patta	N	patta.	N_even	конец	end	x
patta	N	patta.	N_even	полозья	slides	x
patər	V	patər.|patr.	V_even	исчезать	disappear	x
paul	N	paul.	N_even	деревня	village	x
pāul	N	pāul.	N_even	посёлок	village	x
pawar	V	pawar.	V_even	свергнуться	topple	x
pawl	N	pawl.	N_odd	посёлок	village	x
pāwəl	N	pāwəl.|pāwl.	N_even	поселок	village	
paxt	V	paxt.	V_odd	бросить	throw	x
pāxwt	V	pāxwt.	V_odd	стрелять	shoot	
pāŋk	N	pāŋk.	N_odd	грязь	mud	
paŋk	V	paŋk.	V_odd	грязь	mud	x
pāŋx	N	pāŋx.	N_odd	мухомор	fly.agaric	
paɕa	N	paɕa.	N_even	здравствуй	hello	
paɕalaxt	V	paɕalaxt.	V_odd	здороваться	greet	
peɣr	V	peɣr.	V_odd	обознаться	be.mistaken	x
pel	V	pel.	V_odd	прокол	puncture	x
pel	V	pel.	V_odd	проткнуть	pierce	x
pēl	V	pēl.	V_odd	воткнуть	pierce	
pēlaml	V	pelaml.	V_even	загореться	burn	
pēlamt	V	pelamt.	V_even	зажечь	light	
pelp	N	pelp.	N_odd	острый	sharp	x
pēlp	ADJ	pēlp.	ADJ_odd	быстрый	fast	
pen	V	pen.	V_odd	вложить	put.in	x
pēnɣ	V	pēnɣ.	V_odd	гадать	tell.fortunes	
pēnt	V	pent.	V_odd	менять	change	
per	N	per.	N_odd	брус	beam	c
pēr	V	per.	V_odd	перевязать	bandage	
peraman'	N	peraman'.	N_odd	перемена	change	
pēriɣt	V	pēriɣt.	V_even	говорить	speak	x
pērij	V	pērij.|pērj.	V_even	выбрать	choose	
perj	V	perj.	V_odd	выбрать	choose	x
pērmt	V	pērmt.	V_odd	обернуть	wrap	x
pes	N	pes.	N_odd	прежде	before	x
pēs	ADJ	pēs.	ADJ_odd	старый	old	
pēɕ	N	pēɕ.	N_odd	бедро	thigh	
pēst	V	pēst.	V_odd	развязать	untie	
pet	V	pet.	V_odd	опускать	lower	x
peɕ	N	peɕ.	N_odd	бедро	thigh	x
pérmt	V	pérmt.	V_odd	повернуть	turn	x
piɣ	N	piɣ.	N_odd	мальчик	boy	x
pīɣ	N	pīɣ.	N_odd	сын	son	
piɣriɕ	N	piɣriɕ.	N_even	мальчик	boy	x
pil	V	pil.	V_odd	бояться	fear	
pil	N	pil.	N_odd	ягода	berry	
pin	V	pin.	V_odd	класть	lay	x
pin	V	pin.	V_odd	положить	put	
pin	V	pin.	V_odd	ставить	put	x
pirwa	N	pirwa.	N_even	утка	duck	x
pirwa	N	pirwa.	N_even	чирок	teal	
pis	N	pis.	N_odd	слой	layer	
pisal'	N	pisal'.	N_even	ружьё	gun	
pit'i	N	pit'i.	N_even	гнездо	nest	
pōx	N	pōx.	N_odd	бок	side	
pojar	N	pojar.	N_even	боярин	boyar	
pōjk	N	pōjk.	N_odd	молитва	prayer	
pojk	V	pojk.	V_odd	молитва	prayer	x
pojk	V	pojk.	V_odd	мольба	plea	x
pōjk	V	pōjk.	V_odd	просить	beg	
pojt	V	pojt.	V_odd	закончить	finish	
pojt	V	pojt.	V_odd	перестать	cease	x
pojt	V	pojt.	V_odd	успокоиться	calm.down	x
pokmat	V	pokmat.	V_even	трескаться	crack	
pol'x	N	pol'x.	N_odd	сопли	snot	
pōl'	V	pol'.	V_odd	замерзать	freeze	
pōl'am	ADJ	pol'am.	ADJ_even	холодный	cold	
pon	V	pon.	V_odd	давить	press	c
pon	V	pon.	V_odd	сучить		x
ponal	N	ponal.	N_even	крапива	nettle	c
pop	N	pop.	N_odd	поп	priest	
por	N	por.	N_odd	Пор	Por	
por	N	por.	N_odd	время	time	x
pōr	N	pōr.	N_odd	икра	caviar	
por	N	por.	N_odd	по	by	x
pōr	V	pōr.	V_odd	выдолбить	hollow.out	
pora	N	pora.	N_even	время	time	
porɣ	V	porɣ.	V_odd	прыгать	jump	
pori	N	pori.	N_even	поперечный	transverse	c
poriɣm	V	poriɣm.	V_even	прыгнуть	jump	
poriɣpan	N	poriɣpan.	N_odd	лягушка	frog	
porne	N	porne.	N_even	Порнэ		x
pors	N	pors.	N_odd	сор	litter	
pors	V	pors.	V_odd	сор	litter	x
porx	N	porx.	N_odd	туловище	torso	x
porxa	N	porxa.	N_even	парка	parka	
porəɣ	V	porəɣ.|porɣ.	V_even	прыгать	jump	x
pos	V	pos.	V_odd	гнать	chase	x
pos	V	pos.	V_odd	гнать(скот)		x
pos	V	pos.	V_odd	доить	milk	
pos	V	pos.	V_odd	доить(коров)		x
pōs	N	pōs.	N_odd	знак	sign	
pos	N	pos.	N_odd	свет	light	
pōs	V	pōs.	V_odd	гнать	chase	
pūsas	N	pūsas.	N_even	забор	fence	
posum	N	posum.	N_even	корма	stern	c
pūt	N	pūt.	N_odd	котёл	cauldron	
pot	N	pot.	N_odd	пуд	pound	
poter	N	poter.	N_even	разговор	conversation	x
poti	N	poti.	N_even	грудь	chest	c
potwata	N	potwata.	N_even	подвода		
potəlma	N	potəlma.	N_odd	раздражение	irritation	
potəlma	N	potəlma.	N_odd	шум	noise	x
potər	N	potər.|potr.	N_even	рассказ	story	
potər	V	potər.|potr.	V_even	речь	speech	x
potər	N	potər.|potr.	N_even	речь	speech	x
powar	V	powar.	V_even	катиться	roll	
powart	V	powart.	V_even	выкатывать	roll.out	x
pōx	N	pōx.	N_odd	бок	side	
pox	N	pox.	N_odd	сторона	side	x
pōx	N	pōx.	N_odd	бок	side	x
pōxatur	N	pōxatur.	N_odd	богатырь	hero	
poxatur	N	poxatur.	N_odd	богатырь	hero	x
poxs	N	poxs.	N_odd	свищ	fistula	c
poxt	V	poxt.	V_odd	вцепиться	cling	
poxt	V	poxt.	V_odd	пристать	harass	x
poxt	V	poxt.	V_odd	причалить	moor	x
poxt	V	poxt.	V_odd	схватить	grab	x
poxt	N	poxt.	N_odd	причалить	moor	x
poŋ	V	poŋ.	V_odd	нарвать	pick	x
poŋ	N	poŋ.	N_odd	стадо	herd	x
poɕɣ	V	poɕɣ.	V_odd	вить	twist	x
ppwo	N	ppwo.	N_odd	богатырь	hero	x
pui	ADJ	pui.	ADJ_even	задний	back	
puj	N	puj.	N_odd	зад	back	
puki	N	puki.	N_even	брюхо	belly	x
puki	N	puki.	N_even	живот	belly	
pul	N	pul.	N_odd	часть	part	
pūl	N	pūl.	N_odd	кусочек	piece	x
pulpe	N	pulpe.	N_even	пробка	cork	x
pulŋawt	N	pulŋawt.	N_even	Полноват	Polnowat	
pum	N	pum.	N_odd	Трава		x
pum	N	pum.	N_odd	трава	grass	
pūmaɕ	N	pūmaɕ.	N_even	интересный	interesting	
pūmaɕipa	X	pūmaɕipa.	X_even	спасибо	thanks	
pun	N	pun.	N_odd	шерсть	fur	
pūns	V	pūns.|pūs.	V_odd	открыть	open	
pup	N	pup.	N_odd	ушко	ear	x
pupa	N	pupa.	N_even	дух	spirit	x
pupiɣ	N	pupiɣ.	N_even	дух	spirit	
pupīɣ	N	pupīɣ.	N_even	покровитель	patron	x
pur	V	pur.	V_odd	грызть	gnaw	
pur	V	pur.	V_odd	пир	feast	x
pūri	N	pūri.	N_even	пир	feast	
pūriɕ	N	pūriɕ.	N_even	свинья	pig	
pus	N	pus.	N_odd	все	everybody	x
pus	N	pus.	N_odd	целый	whole	x
pus	V	pus.	V_odd	открыть	open	x
pus	V	pus.	V_odd	целый	whole	x
pus	ADJ	pus.	ADJ_odd	целый	whole	
pūs	V	pūs.	V_odd	открыть	open	x
pūs	V	pūs.	V_odd	целый	whole	x
pusen	N	pusen.	N_even	все	everybody	x
pusen	N	pusen.	N_even	всё	everything	x
pusm	V	pusm.	V_odd	вылечиться	be.cured	x
pussən	PRON	pussən.	PRON_even	все	everybody	
pusən	ADJ	pusən.|pusn.	ADJ_even	целый	whole	x
pūt	N	pūt.	N_odd	котёл	cauldron	
putra	V	putra.	V_even	скрыть	hide	c
puw	V	puw.	V_odd	держать	hold	x
puw	V	puw.	V_odd	ловить	catch	
puw	V	puw.	V_odd	схватить	grab	x
puwl	N	puwl.	N_odd	купаться	bathe	
puwl	V	puwl.	V_odd	купаться	bathe	x
puwl	V	puwl.	V_odd	мыться	wash	x
puwt	V	puwt.	V_odd	долбить	hammer	x
puwt	V	puwt.	V_odd	колоть	poke	
puŋ	N	puŋ.	N_odd	богатство	wealth	x
puŋ	N	puŋ.	N_odd	чурка	chunk	x
puŋk	N	puŋk.	N_odd	голова	head	
puŋk	N	puŋk.	N_odd	голова/зуб		x
puŋk	N	puŋk.	N_odd	зуб	tooth	
puŋna	N	puŋna.	N_even	чурка	chunk	
puɕka	N	puɕka.	N_even	бочка	barrel	
pə	N	pə.	N_odd	сын	son	x
pəɣ	N	pəɣ.	N_odd	сын	son	x
pəɣriɕ	N	pəɣriɕ.	N_even	мальчик	boy	x
pаl	N	pаl.	N_even	сторона	side	x
r	ADJ	r.	ADJ_even	русский	Russian	x
raɣ	V	raɣ.	V_odd	падать	fall	x
raɣat	V	raɣat.	V_even	упасть	fall	
rākt	N	rākt.	N_odd	глина	clay	
rakw	N	rakw.	N_odd	дождь	rain	
rampəŋ	ADJ	rampəŋ.|rampŋ.	ADJ_even	парящий	soaring	c
rat	N	rat.	N_odd	бить	hit	x
rāt	V	rāt.	V_odd	бить	hit	
raŋn	V	raŋn.	V_odd	затухать	fade	c
raɕ	N	raɕ.	N_odd	рысь	lynx	
rēɣ	N	rēɣ.	N_odd	жар	heat	
rep	V	rep.	V_odd	метать	throw	c
reəɣ	N	reəɣ.|reɣ.	N_even	жар	heat	x
rōpit	V	rōpit.	V_even	работать	work	
ropita	V	ropita.	V_odd	работать	work	x
rot	ADJ	rot.	ADJ_odd	спокойный	calm	
rot	V	rot.	V_odd	спокойный	calm	x
rot	V	rot.	V_odd	стихнуть	subside	
rōt	V	rōt.	V_odd	спокойный	calm	x
row	V	row.	V_odd	можно	possible	x
row	V	row.	V_odd	надо	is.needed	x
row	V	row.	V_odd	разрешать	allow	x
row	N	row.	N_odd	разрешённый	permitted	x
rōw	V	rōw.	V_odd	можно	possible	
roxt	V	roxt.	V_odd	испугаться	be.frightened	
roŋx	V	roŋx.	V_odd	крикнуть	shout	x
rōŋx	V	rōŋx.|rōx.	V_odd	кричать	shout	
ruma	N	ruma.	N_even	товарищ	comrade	
ruɕ	ADJ	ruɕ.	ADJ_odd	русский	Russian	
ruɕ	N	ruɕ.	N_odd	русский	Russian	
ráɣāt	V	ráɣāt.	V_odd	упасть	fall	x
saɣ	N	saɣ.	N_odd	коса	braid	
saɣ	V	saɣ.	V_odd	плести	weave	
sāɣl	V	sāɣl.	V_odd	расщеплять	split	
sāɣr	V	sāɣr.	V_odd	рубить	chop	
saɣr	V	saɣr.	V_odd	срубить	chop.down	x
sāɣr	V	sāɣr.	V_odd	рубить	chop	x
saɣumt	V	saɣumt.	V_even	сломать	break	x
saj	V	saj.	V_odd	гнить	rot	
saj	N	saj.	N_odd	гной	pus	
saj	N	saj.	N_odd	длина	length	x
sajk	V	sajk.	V_odd	трезвый	sober	x
sājt	N	sājt.	N_odd	прут	twig	
saka	N	saka.	N_even	очень	very	
sakari	N	sakari.	N_odd	сахары		x
sakōn	N	sakōn.	N_even	закон	law	
sakw	N	sakw.	N_odd	Ляпин		x
sākw	N	sākw.	N_odd	Сыгва	Sygva	
sakw	N	sakw.	N_odd	кусок	piece	
sakw	V	sakw.	V_odd	кусок	piece	x
sakw	V	sakw.	V_odd	сломать	break	x
sakwat	V	sakwat.	V_even	сломать	break	
sālɣ	V	sālɣ.	V_odd	засверкать	sparkle	
sal	N	sal.	N_odd	олень	deer	x
sali	N	sali.	N_even	Олень		x
sali	N	sali.	N_even	много	many	x
sali	N	sali.	N_even	олень	deer	x
sāli	N	sāli.	N_even	олень	deer	
salij	N	salij.	N_even	олень	deer	x
sali̊	N	sali̊.	N_even	олень	deer	x
saltat	N	saltat.	N_even	солдат	soldier	
sam	N	sam.	N_odd	глаз	eye	
sām	N	sām.	N_odd	угол	corner	
sam	N	sam.	N_odd	уголок	corner	x
sām	N	sām.	N_odd	уголок	corner	x
samim	N	samim.	N_even	глаз	eye	x
samliŋ	ADJ	samliŋ.	ADJ_even	звонкий	ringing	x
sampilt	V	sampilt.	V_even	заметить	notice	x
sampil'tāl	ADJ	sampil'tāl.	ADJ_odd	слепой	blind	
sān	N	sān.	N_odd	чуман	bast.cup	
sāns	N	sāns.|sās.	N_odd	колено	knee	
sans	V	sans.	V_odd	коленопреклониться	kneel	x
sapta	N	sapta.	N_even	циновка	mat	x
sar	N	sar.	N_odd	HORT		x
sār	ADJ	sār.	ADJ_odd	передний	front	
sar	N	sar.	N_odd	потом	then	x
sar	N	sar.	N_odd	ранний	early	x
sār	N	sār.	N_odd	табак	tobacco	
sar	ADJ	sar.	ADJ_odd	ранний	early	x
sār	N	sār.	N_odd	HORT		x
ɕārəɕ	N	ɕārəɕ.	N_even	море	sea	
sari	ADJ	sari.	ADJ_even	истинный	true	x
sart	V	sart.	V_odd	мазать	smear	
sart	V	sart.	V_odd	перед	in.front.of	x
sart	V	sart.	V_odd	пилить	saw	
sārtən	ADV	sārtən.//sārt.	ADV_even	сперва	first	
sās	N	sās.	N_odd	береста	birch.bark	
sas	NUM	sas.	NUM_odd	оба	both	
sasiɣ	N	sasiɣ.|sasɣ.	N_odd	дядя	uncle	
sasɣa	N	sasɣa.	N_even	родственник	relative	x
sāt	N	sāt.	N_odd	садок	fish.trap	
sāt	NUM	sāt.	NUM_odd	семь	seven	
sāt	NUM	sāt.	NUM_odd	сто	hundred	
sat	V	sat.	V_odd	создавать	create	
sāt	N	sāt.	N_odd	семь	seven	x
sav	N	sav.	N_odd	лень	laziness	x
saw	N	saw.	N_odd	беда	trouble	
saw	N	saw.	N_odd	лень	laziness	
sāw	ADV	sāw.	ADV_odd	много	many	
saw	N	saw.	N_odd	старый	old	x
saw	ADJ	saw.	ADJ_odd	ленивый	lazy	x
saw	ADJ	saw.	ADJ_odd	старый	old	x
saw	V	saw.	V_odd	много	many	x
sawal	V	sawal.	V_odd	мучиться	suffer	
sāw	N	sāw.	N_odd	много	many	x
sawa	V	sawa.	V_even	мучиться	suffer	x
sax	N	sax.	N_odd	кишка	intestine	
saxi	N	saxi.	N_even	шуба	fur.coat	
sāŋki	N	sāŋki.	N_even	турпан	velvet.scoter	
saŋkw	V	saŋkw.	V_odd	поясница	lower.back	x
saŋxwat	N	saŋxwat.	N_even	тетива	bowstring	x
sēj	N	sēj.	N_odd	песок	sand	
sēl	V	sēl.	V_odd	заработать	earn	
semel	ADJ	semel.	ADJ_even	чёрный	black	x
seml	ADJ	seml.	ADJ_odd	чёрный	black	x
seməl	ADJ	seməl.|seml.	ADJ_even	чёрный	black	x
sēməl	ADJ	sēməl.|sēml.	ADJ_even	чёрный	black	
sēr	ADJ	sēr.	ADJ_odd	глухой	dense	
seri	N	seri.	N_even	глухой	deaf	x
seri	N	seri.	N_even	личинки(мухи)		x
set	V	set.	V_odd	вырваться	break.free	x
sētap	N	sētap.	N_even	нитка	thread	
setap	N	setap.	N_even	нитки	threads	x
sēŋkw	N	sēŋkw.	N_odd	туман	fog	
sim	N	sim.	N_odd	сердце	heart	
sip	N	sip.	N_odd	горка	slide	
sip	V	sip.	V_odd	чмокать	smack	x
sipɣ	V	sipɣ.	V_odd	сосать	suck	
sipɣ	V	sipɣ.	V_odd	чмокать	smack	x
sipluw	N	sipluw.	N_even	шея	neck	
sir	N	sir.	N_odd	вид	view	x
sir	N	sir.	N_odd	разновидность	kind	
sir	N	sir.	N_odd	шест	pole	x
sir	ADJ	sir.	ADJ_odd	разный	different	x
siraj	N	siraj.	N_even	меч	sword	x
siraj	N	siraj.	N_even	сабля	saber	
siram	N	siram.	N_even	кусок	piece	x
sis	N	sis.	N_odd	назад	back	x
sis	N	sis.	N_odd	спина	back	
sisi	ADV	sisi.	ADV_even	назад	back	
sisi	N	sisi.	N_even	спина	back	x
sisi	ADJ	sisi.	ADJ_even	попутный	same.direction	x
sistam	ADJ	sistam.	ADJ_even	чистый	clean	
sitam	ADJ	sitam.	ADJ_even	тайный	secret	
soj	ADJ	soj.	ADJ_odd	смирный	meek	
solkōwoj	N	solkōwoj.//solkōwi.	N_odd	рубль	ruble	
solti	N	solti.	N_even	солдат	soldier	x
sol'	N	sol'.	N_odd	правда	truth	x
sōl'	N	sōl'.	N_odd	правда	truth	
soma	X	soma.	X_even	будто	as.if	
soma	N	soma.	N_even	прямо	straight	x
sūp	N	sūp.	N_odd	рот	mouth	
sōpak	N	sōpak.	N_even	сапог	boot	
sopak	N	sopak.	N_even	сапоги	boots	x
sopam	N	sopam.	N_even	могила	grave	c
sor	N	sor.	N_odd	золото	gold	x
sor	N	sor.	N_odd	стебель	stem	c
sori	N	sori.	N_even	седловина	valley	
sorn	N	sorn.	N_odd	1SG		x
sorn	N	sorn.	N_odd	золото	gold	x
sorn	N	sorn.	N_odd	золотой	golden	x
sōrn	N	sōrn.	N_odd	золото	gold	x
sōrn'i	N	sōrn'i.	N_even	золото	gold	
sōrp	N	sōrp.//sōrup.	N_odd	лось	moose	
sort	N	sort.	N_odd	щука	pike	
sorum	N	sorum.	N_even	смерть	death	
sorumpat	V	sorumpat.	V_odd	умереть	die	
sorumpat	V	sorumpat.	V_odd	умирать	die	x
sorup	N	sorup.	N_even	лось	moose	x
sōrup	N	sōrup.	N_even	лось	moose	x
sōs	V	sōs.	V_odd	лить	pour	
sōs	N	sōs.	N_odd	ручей	stream	
sos	N	sos.	N_odd	тысяча	thousand	x
sossa	N	sossa.	N_even	родина	homeland	
sōt	N	sōt.	N_odd	счастье	happiness	
sōtər	N	sōtər.|sōtr.	N_even	тысяча	thousand	
sow	N	sow.	N_odd	кожа	skin	
sow	N	sow.	N_odd	шкура	skin	x
sōwi	ADJ	sōwi.	ADJ_even	косой	oblique	
sōwər	N	sōwər.|sōwr.	N_even	заяц	hare	
sowt	N	sowt.	N_odd	набирушка		x
sowər	N	sowər.|sowr.	N_even	заяц	hare	x
sōwər	N	sōwər.|sōwr.	N_even	заяц	hare	x
sox	N	sox.	N_odd	всех	everyone	x
soxt	ADJ	soxt.	ADJ_odd	прямой	straight	
soxt	V	soxt.	V_odd	свернуть	roll	x
sui	V	sui.	V_even	звук	sound	x
suj	N	suj.	N_odd	звук	sound	
sūli	N	sūli.	N_even	глина	clay	
sulil	N	sulil.	N_even	нагреться	warm.up	x
sulint	V	sulint.	V_even	скакать	jump	x
sūlin't	V	sūlin't.	V_even	мчаться	gallop	
sult	N	sult.	N_odd	скачка	race	x
sūlt	V	sūlt.	V_odd	скакать	jump	
sultm	N	sultm.	N_odd	искра	spark	x
sultum	N	sultum.|sultm.	N_even	искра	spark	
sul'ɣ	V	sul'ɣ.	V_odd	переливаться	shimmer	
sul'int	V	sul'int.	V_even	скакать	jump	x
sul'ja	N	sul'ja.	N_even	бутылка	bottle	c
sūmjax	N	sūmjax.	N_even	лабаз	storehouse	
suml	V	suml.	V_odd	звучать	sound	
sun	N	sun.	N_odd	нарта	sledge	x
sun	N	sun.	N_odd	сани	sledge	
sune	N	sune.	N_even	сани	sledge	x
suns	V	suns.	V_odd	Смотреть		x
suns	V	suns.	V_odd	видеть	see	x
suns	V	suns.	V_odd	сказать	say	x
suns	V	suns.|sus.	V_odd	смотреть	look	
sunt	N	sunt.	N_odd	нарта	sledge	x
sunt	N	sunt.	N_odd	отверстие	hole	x
sunt	N	sunt.	N_odd	сунт		x
sunt	N	sunt.	N_odd	устье	river.mouth	
sun'	V	sun'.	V_odd	богатый	rich	x
sup	N	sup.	N_odd	половина	half	
sūp	N	sūp.	N_odd	рот	mouth	
sup	N	sup.	N_odd	рубашка	shirt	
surum	ADJ	surum.	ADJ_even	грубый	rough	
surum	ADJ	surum.	ADJ_even	твёрдый	hard	x
sus	V	sus.	V_odd	наблюдать	observe	x
sus	V	sus.	V_odd	смотреть	look	x
suw	N	suw.	N_odd	посох	staff	
sər	N	sər.	N_odd	вид	view	x
sər	N	sər.	N_odd	способ	way	x
t	N	t.	N_even	PTCL		x
t	N	t.	N_even	Т		x
t	V	t.	V_even	есть	eat	x
ta	N	ta.	N_odd	EMPH		x
ta	N	ta.	N_odd	NEG		x
ta	N	ta.	N_odd	PST[3SG]		x
ta=	X	ta.	X_odd	PTCL	PTCL	x
ta	N	ta.	N_odd	PTCL1		x
ta	N	ta.	N_odd	PTCL2		x
ta	N	ta.	N_odd	вот	here	x
ta	N	ta.	N_odd	женщина	woman	x
ta	N	ta.	N_odd	зять	take	x
ta	N	ta.	N_odd	лебедь	swan	x
ta	N	ta.	N_odd	озеро	lake	x
ta	PRON	ta.	PRON_odd	тот	that	
ta	N	ta.	N_odd	туда	there	x
ta	V	ta.	V_odd	прийти	come	x
ta	V	ta.	V_odd	тот	that	x
tā	N	tā.	N_odd	EMPH		x
taɣ	N	taɣ.	N_odd	ветка	branch	
taɣ	N	taɣ.	N_odd	конопатить	caulk	x
taɣ	V	taɣ.	V_odd	ветка	branch	x
taɣ	V	taɣ.	V_odd	конопатить	caulk	x
taɣat	V	taɣat.	V_even	вешать	hang	
tāɣat	V	tāɣat.	V_even	вешать	hang	x
tāɣin't	V	tāɣin't.	V_even	наполнить	fill	
taɣip	N	taɣip.	N_even	преграда	barrier	x
taɣl	N	taɣl.	N_odd	вместе	together	x
taɣl	N	taɣl.	N_odd	полный	full	x
tāɣəl	ADJ	tāɣəl.|tāɣl.	ADJ_even	полный	full	
tāɣt	N	tāɣt.	N_odd	Сосьва	Sosva	
taɣəl	N	taɣəl.|taɣl.	N_even	наполнение	filling	x
tai	V	tai.	V_even	подходить	approach	x
taj	N	taj.	N_odd	3SG		x
taj	N	taj.	N_odd	совок	scoop	
taj	N	taj.	N_odd	это	this	x
taj	V	taj.	V_odd	есть	eat	x
taj	V	taj.	V_odd	подходить	approach	x
tajap	V	tajap.	V_even	слопать	devour	x
tajax	N	tajax.	N_even	попозже	later	
taji	N	taji.	N_even	то	that	
tajt	N	tajt.	N_odd	Сосьва	Sosva	x
tajt	N	tajt.	N_odd	протока	channel	x
tajt	N	tajt.	N_odd	протока/Сосьва		x
tājt	N	tājt.	N_odd	рукав	sleeve	
tākiɕ	ADV	tākiɕ.	ADV_even	сильно	strongly	
takt	V	takt.	V_odd	протянуть	stretch	
takwi	PRON	takwi.	PRON_even	3SG.EMPH	3SG.EMPH	
takwi	N	takwi.	N_even	EMPH		x
takws	N	takws.	N_odd	осень	autumn	
takwsi	ADV	takwsi.	ADV_even	осенью	in.autumn	
takwəs	N	takwəs.|takws.	N_even	осень	autumn	x
tal	N	tal.	N_odd	CAR		x
tāl	N	tāl.	N_odd	год	year	
tal	N	tal.	N_odd	сажень	fathom	
tāl	V	tāl.	V_odd	погрузиться	board	
tal	V	tal.	V_odd	сесть	sit	x
talkwa	ADJ	talkwa.	ADJ_even	низкий	low	
talkwa	N	talkwa.	N_even	низкий	low	x
talmat	V	talmat.	V_even	посадить	plant	x
talt	V	talt.	V_odd	грузить	load	x
talt	V	talt.	V_odd	загрузить	load	x
talt	V	talt.	V_odd	погрузить	immerse	x
taltəŋ	N	taltəŋ.|taltŋ.	N_even	талтынг	Taltyng	x
tal'ax	N	tal'ax.|tal'x.	N_even	верхушка	tip	
tāl'ax	N	tāl'ax.	N_even	верхушка	tip	x
tal'ex	N	tal'ex.	N_even	вершина	top	x
tal'x	N	tal'x.	N_odd	вершина	top	x
tamle	ADJ	tamle.	ADJ_even	такой	such	x
taml'e	ADJ	taml'e.	ADJ_even	такой	such	
tan	N	tan.	N_odd	3PL		x
tan	N	tan.	N_odd	3SG		x
tān	PRON	tān.	PRON_odd	3PL	3PL	
tapəs	N	tapəs.|taps.	N_even	Тапсуй	Tapsuj	
tār	N	tār.	N_odd	корень	root	
tar	V	tar.	V_odd	сквозь	through	x
tāra	ADV	tāra.	ADV_even	сквозь	through	
taramt	V	taramt.	V_even	пустить	let.go	x
tārat	V	tārat.//tārt.	V_even	пустить	let.go	
taraŋ	N	taraŋ.	N_even	известный	famous	x
tāriɣ	N	tāriɣ.|tārɣ.	N_even	журавль	crane	
tarm	X	tapəm.|tarm.	X_odd	на	on	
tarm	N	tarm.	N_odd	поверхность	surface	x
tarmat	V	tarmat.	V_even	отпустить	let.go	x
tart	V	tart.	V_odd	пустить	let.go	x
tārt	V	tārt.	V_odd	пустить	let.go	x
tarwit	N	tarwit.	N_even	тяжело	heavy	
tārwit	N	tārwit.	N_even	тяжесть	weight	x
tariɣ	N	tariɣ.|tarɣ.	N_even	сосна	pine	
tarəŋ	N	tarəŋ.|tarŋ.	N_even	сосна	pine	x
tas	ADJ	tas.	ADJ_odd	готовый	ready	c
tas	V	tas.	V_odd	готовый	ready	x
tātəl	ADJ	tātəl.|tātl.	ADJ_even	пустой	empty	
tau	N	tau.	N_even	3SG		x
tau	N	tau.	N_even	3ЫП		x
taw	PRON	taw.	PRON_odd	3SG		
taw	N	taw.	N_odd	она	she	x
tawaj	N	tawaj.	N_even	давай	let's	
tawaj	V	tawaj.	V_even	думать	think	x
tawèn	N	tawèn.	N_odd	сейчас	now	x
tax	X	tax.	X_odd	FUT	FUT	
tax	N	tax.	N_odd	Здесь		x
tax	V	tax.	V_odd	идти	go	x
tax	V	tax.	V_odd	отправиться	set.off	
taxa	V	taxa.	V_even	уехать	leave	x
taxt	N	taxt.	N_odd	гагара	loon	x
taxə	N	taxə.	N_even	деться	get.lost	x
taŋkw	V	taŋkw.	V_odd	мох	moss	c
taŋx	V	taŋx.|tax.	V_odd	хотеть	want	
te	N	te.	N_odd	еда	food	x
te	N	te.	N_odd	есть	eat	x
te	V	te.	V_odd	есть	eat	x
tē	V	tē.|taj.	V_odd	есть	eat	
teɣ	N	teɣ.	N_odd	сюда	here	x
tel	N	tel.	N_odd	наверное	probably	x
tel	V	tel.	V_odd	появиться	appear	x
tel	V	tel.	V_odd	расти	grow	x
tēl	V	tēl.	V_odd	расти	grow	
tēli	ADV	tēli.	ADV_even	зимой	in.winter	
tēliɣt	V	tēliɣt.	V_even	смешать	mix	
ten		ten.	N_odd	3DU		x
ten	N	ten.	N_odd	есть	eat	x
tēn	PRON	tēn.	PRON_odd	3DU	3DU	
tēnki	PRON	tēnki.	PRON_even	2DU		x
tepəl	N	tepəl.|tepl.	N_even	лось	moose	x
tērpi	N	tērpi.	N_even	лекарство	medicine	
terən	V	terən.|tern.	V_even	битва	battle	x
tetal	ADJ	tetal.	ADJ_even	голодный	hungry	x
tēxam	N	tēxam.	N_even	друг	friend	
ti	N	ti.	N_odd	3DU		x
ti	N	ti.	N_odd	3SG		x
ti	N	ti.	N_odd	ADD		x
ti	N	ti.	N_odd	PTCL		x
ti	N	ti.	N_odd	PTCL1		x
ti	N	ti.	N_odd	PTCL2		x
ti	N	ti.	N_odd	это	this	x
ti	PRON	ti.	PRON_odd	этот	this	
tiɣ	ADV	tiɣ.	ADV_odd	сюда	here	
tiɣl	N	tiɣl.	N_odd	взлететь	take.off	x
tiɣl	N	tiɣl.	N_odd	влететь	fly.in	x
tiɣəl	ADV	tiɣəl.	ADV_even	сейчас	now	
tiɣəlnəl	N	tiɣəlnəl.	N_odd	даже	even	x
tiji	PRON	tiji.	PRON_even	это	this	
tilaml	V	tilaml.	V_even	взлететь	take.off	
tin	N	tin.	N_odd	цена	price	
tit	N	tit.	N_odd	здесь	here	x
tit	N	tit.	N_odd	подножье	foothills	
tit	N	tit.	N_odd	тут	here	x
tit	V	tit.	V_odd	устье	mouth	x
titt	V	titt.	V_odd	кормить	feed	
titt	N	titt.	N_odd	основание	base	x
tiws	N	tiws.	N_odd	хватит	enough	c
tol	V	tol.	V_odd	таять	melt	
tolɣ	N	tolɣ.	N_odd	невод	fishing.net	
tolɣ	V	tolɣ.	V_odd	невод	fishing.net	
toll	V	toll.	V_odd	рваться	tear	
tolmat	V	tolmat.	V_even	выстрелить	shoot	
toləɣ	N	toləɣ.|tolɣ.	N_even	невод	fishing.net	
toləɣ	V	toləɣ.|tolɣ.	V_even	невод	fishing.net	
toləxpa	N	toləxpa.	N_odd	гроб	coffin	
tona	N	tona.	N_even	затем	then	
tona	N	tona.	N_even	потому	therefore	
tont	N	tont.	N_odd	тогда	then	
top	N	top.	N_odd	только	only	
tor	N	tor.	N_odd	небо	sky	
tor	N	tor.	N_odd	платок	handkerchief	
tor	V	tor.	V_odd	трястись	shake	
toras	N	toras.	N_even	помеха	obstacle	
torew	N	torew.	N_even	медведь	bear	
tōrew	N	tōrew.	N_even	медведь	bear	
torɣ	V	torɣ.	V_odd	трястись	shake	
toriɣ	N	toriɣ.	N_even	напротив	across	
tort	V	tort.	V_odd	закрыть	close	
torum	N	torum.	N_even	бог	god	
torum	N	torum.	N_even	мир/бог		
torum	N	torum.	N_even	небо	sky	
torəɣ	N	torəɣ.|torɣ.	N_even	напротив	across	
tos	N	tos.	N_odd	камус	ski.skin	
tos	V	tos.	V_odd	сохнуть	dry	
tot	N	tot.	N_odd	3SG		
tot	N	tot.	N_odd	Там		
tot	N	tot.	N_odd	там	there	
tot	N	tot.	N_odd	туда	there	
tot	V	tot.	V_odd	вести	lead	
tot	V	tot.	V_odd	нести	carry	
touli	N	touli.	N_odd	довольно	enough	
tow	N	tow.	N_odd	ветка	branch	
tow	N	tow.	N_odd	грести	row	
tow	N	tow.	N_odd	иной	other	
tow	V	tow.	V_odd	грести	row	
towa	ADJ	towa.	ADJ_even	некоторый	some	
towant	V	towant.	V_even	грести	row	
towart	V	towart.	V_even	закрыть	close	
towl	V	towl.	V_odd	исполниться	come.true	
towl	N	towl.	N_odd	крыло	wing	
towli	N	towli.	N_even	хватит	enough	
towm	V	towm.	V_odd	укусать	bite	
towəl	N	towəl.|towl.	N_even	крыло	wing	
tox	N	tox.	N_odd	так	so	
toxa	N	toxa.	N_even	так	so	
toxla	N	toxla.	N_even	воротник	collar	
toxr	V	toxr.	V_odd	набивать	stuff	
toɕ	V	toɕ.	V_odd	поперечина	crossbar	
tu	N	tu.	N_odd	PTCL		
tui	N	tui.	N_even	лето	summer	
tuj	V	tuj.	V_odd	толкать	push	
tuja	N	tuja.	N_even	весна	spring	
tuji	N	tuji.	N_even	лето	summer	
tujim	V	tujim.	V_even	выпадать	fall.out	
tujt	N	tujt.	N_odd	сани	sledge	
tujt	N	tujt.	N_odd	снег	snow	
tujt	V	tujt.	V_odd	спрятать	hide	
tul	V	tul.	V_odd	внести	bring.in	
tul	N	tul.	N_odd	облако	cloud	
tulit	N	tulit.	N_even	тайком		
tulmant	V	tulmant.	V_even	воровать	steal	
tulmax	N	tulmax.	N_even	росомаха	wolverine	
tulmax	V	tulmax.	V_even	росомаха	wolverine	
tūlmax	N	tūlmax.	N_even	росомаха	wolverine	
tul'a	N	tul'a.	N_even	кольцо	ring	
tul'a	N	tul'a.	N_even	палец	finger	
tum	V	tum.	V_odd	вход	entrance	
tumaj	N	tumaj.	N_even	думай	think	
tumaj	N	tumaj.	N_even	задумка	idea	
tumaj	N	tumaj.	N_even	почему	why	
tumaj	N	tumaj.	N_even	совет	advice	
tumaj	V	tumaj.	V_even	думать	think	
tumajt	V	tumajt.	V_even	думать	think	
tuman	N	tuman.	N_even	замок	lock	
tuml'	V	tuml'.	V_odd	думать	think	
tump	N	tump.	N_odd	остров	island	
tup	N	tup.	N_odd	весло	oar	
tup	N	tup.	N_odd	только	only	
tūp	N	tūp.	N_odd	только	only	
tur	N	tur.	N_odd	Озеро		
tur	N	tur.	N_odd	горло	throat	
tur	N	tur.	N_odd	озеро	lake	
tūr	N	tūr.	N_odd	озеро	lake	
turka	N	turka.	N_even	дробовик	shotgun	
turman	V	turman.	V_even	стемнеть	darken	
turman	V	turman.	V_even	тёмный	dark	
turman	ADJ	turman.	ADJ_even	тёмный	dark	
turman	N	turman.	N_even	тёмный	dark	
tus	N	tus.	N_odd	усы	mustache	
tuu	N	tuu.	N_even	туда	there	
tuw	N	tuw.	N_odd	3SG		
tuw	N	tuw.	N_odd	волокно	fiber	
tuw	N	tuw.	N_odd	там	there	
tuw	N	tuw.	N_odd	туда	there	
tuwl	N	tuwl.	N_odd	Потом		
tuwl	N	tuwl.	N_odd	и	and	
tuwl	N	tuwl.	N_odd	потом	then	
tuwle	N	tuwle.	N_even	потом	then	
tuwl'e	N	tuwl'e.	N_even	туда	there	
tuwəl	N	tuwəl.|tuwl.	N_even	Потом		
tuwəl	N	tuwəl.|tuwl.	N_even	оттуда	from.there	
tuwəl	N	tuwəl.|tuwl.	N_even	потом	then	
tuɕt	V	tuɕt.	V_odd	поставить	set	
tuɕt	V	tuɕt.	V_odd	ставить	put	
tůl	V	tůl.	V_odd	внести	bring.in	
tůp	N	tůp.	N_odd	только	only	
tét	V	tét.	V_even	послать	send	
tůp	N	tůp.	N_even	лишь	only	
təɣ	N	təɣ.	N_odd	сюда	here	
təɣl	N	təɣl.	N_odd	взлететь	take.off	
təɣəl	N	təɣəl.|təɣl.	N_even	сейчас	now	
təj	N	təj.	N_odd	сюда	here	
təst	V	təst.	V_odd	горевать	mourn	
tаw	N	tаw.	N_even	Он		
uj	N	uj.	N_odd	животное	animal	
uj	N	uj.	N_odd	зверь	animal	
uj	V	uj.	V_odd	плыть	swim	
ūj	N	ūj.	N_odd	звери	animals	
ūj	N	ūj.	N_odd	зверь	animal	
ul	N	ul.	N_odd	2SG		
ul	N	ul.	N_odd	PROH		
ula	N	ula.	N_even	ловушка	trap	
ulam	N	ulam.	N_even	одежда	clothing	
ulm	N	ulm.	N_odd	сон	dream	
ulta	N	ulta.	N_even	через	across	
ultta	N	ultta.	N_even	через	across	
ultə	N	ultə.	N_even	через	across	
ulum	N	ulum.	N_even	сон	dream	
ūlum	N	ūlum.	N_even	сон	dream	
ulə	N	ulə.	N_even	воспевание	praise	
ul'	N	ul'.	N_odd	огонь	fire	
ul'a	N	ul'a.	N_even	огонь	fire	
ul'jiw	N	ul'jiw.	N_even	дрова	firewood	
ul'pa	N	ul'pa.	N_even	кедр	cedar	
unl	N	unl.	N_odd	сидеть	sit	
unl	V	unl.	V_odd	сидеть	sit	
ūnl	V	ūnl.	V_odd	сидеть	sit	
uns	V	uns.	V_odd	переправиться	cross.over	
unt	N	unt.	N_odd	сесть	sit	
unt	V	unt.	V_odd	сесть	sit	
ūnt	V	ūnt.	V_odd	сесть	sit	
ūnt	V	ūnt.	V_odd	сидеть	sit	
up	V	up.	V_odd	деверь	brother.in.law	
upa	V	upa.	V_even	брат	brother	
upa	V	upa.	V_even	деверь	brother.in.law	
upa	N	upa.	N_even	деверь	brother.in.law	
ur	N	ur.	N_odd	гора	mountain	
ur	N	ur.	N_odd	про	about	
ur	N	ur.	N_odd	способ	way	
ur	V	ur.	V_odd	ждать	wait	
ūr	V	ūr.	V_odd	держать	hold	
uratnik	N	uratnik.	N_odd	урядник	constable	
ure	N	ure.	N_even	способ	way	
urinekwa	N	urinekwa.	N_even	ворона	crow	
urt	V	urt.	V_odd	делить	divide	
us	N	us.	N_odd	ADD		
us	N	us.	N_odd	город	town	
us	V	us.	V_odd	погибнуть	perish	
us	V	us.	V_odd	шагать	step	
ūs	N	ūs.	N_odd	город	town	
ūsil	N	ūsil.	N_even	шаг	step	
ust	V	ust.	V_odd	потерять	lose	
usuwl	V	usuwl.	V_even	шагнуть	step	
ut	N	ut.	N_odd	вещь	thing	
ut	V	ut.	V_odd	лаять	bark	
uɕ	V	uɕ.	V_odd	встать	stand	
uɕa	N	uɕa.	N_even	только	only	
w	V	w.	V_even	взять	take	
w	V	w.	V_even	видеть	see	
wa	N	wa.	N_odd	богатырь	hero	
wa	V	wa.	V_odd	видеть	see	
waɣ	N	waɣ.	N_odd	мощь	power	
waɣ	N	waɣ.	N_odd	сила	strength	
wāɣ	N	wāɣ.	N_odd	сила	strength	
waɣl	V	waɣl.	V_odd	спуститься	go.down	
waj	V	waj.	V_odd	взять	take	
waj	N	waj.	N_odd	кисы	deer.skin.shoes	
waj	N	waj.	N_odd	чулки/кисы		
wal'ɕam	N	wal'ɕam.	N_even	стружка	shavings	
want	N	want.	N_odd	груз	load	
want	V	want.	V_odd	стадо	herd	
wantl	V	wantl.	V_odd	кочевать	roam	
wantl	V	wantl.	V_odd	переехать	move	
wantle	N	wantle.	N_even	переехать	move	
waps	N	waps.	N_odd	зять	take	
wāps	N	wāps.	N_odd	зять	take	
war	V	war.	V_odd	cделать		
war	V	war.	V_odd	делать	do	
wār	V	wār.	V_odd	делать	do	
warmal'	N	warmal'.	N_even	дело	business	
was	V	was.	V_odd	видеть	see	
was	N	was.	N_odd	утка	duck	
wasiɣ	N	wasiɣ.	N_even	больше	more	
wasəɣ	N	wasəɣ.|wasɣ.	N_even	больше	more	
wat	N	wat.	N_odd	30'		
wat	N	wat.	N_odd	3SG		
wat	N	wat.	N_odd	берег	shore	
wat	N	wat.	N_odd	тридцать	thirty	
wat	N	wat.	N_odd	тридцть		
wat	V	wat.	V_odd	собирать	gather	
wat	V	wat.	V_odd	тридцать	thirty	
wāt	N	wāt.	N_odd	берег	shore	
wat'a	ADJ	wat'a.	ADJ_even	короткий	short	
wat'a	N	wat'a.	N_even	коротко	short	
wāt'a	N	wāt'a.	N_even	коротко	short	
wat'i	ADJ	wat'i.	ADJ_even	короткий	short	
wata	N	wata.	N_even	берег	shore	
wata	N	wata.	N_even	торговец	merchant	
wata	N	wata.	N_even	торговля	trade	
wati	ADJ	wati.	ADJ_even	короткий	short	
wati	N	wati.	N_even	коротко	short	
waŋ	V	waŋ.	V_odd	видеть	see	
waŋ	V	waŋ.	V_odd	плечо	shoulder	
waŋk	V	waŋk.	V_odd	ползти	crawl	
wāŋk	V	wāŋk.	V_odd	ползти	crawl	
waŋn	N	waŋn.	N_odd	плечо	shoulder	
waŋən	N	waŋən.|waŋn.	N_even	плечо	shoulder	
waɕ	V	waɕ.	V_odd	видывать	experience	
welat	V	welat.	V_even	бить	hit	
werit	V	werit.	V_even	терпеть	endure	
werm	V	werm.	V_odd	мочь	be.able	
werm	V	werm.	V_odd	смочь	be.able	
wetra	N	wetra.	N_even	ведро	bucket	
weɕ	N	weɕ.	N_odd	красота	beauty	
weɕelit	V	weɕelit.	V_odd	веселиться	have.fun	
wi	V	wi.	V_odd	взять	take	
wiɣir	ADJ	wiɣir.	ADJ_even	красный	red	
wiɣər	ADJ	wiɣər.|wiɣr.	ADJ_even	красный	red	
wil't	N	wil't.	N_odd	лицо	face	
win	N	win.	N_odd	вино	wine	
wina	N	wina.	N_even	вино	wine	
wit	N	wit.	N_odd	Вода		
wit	N	wit.	N_odd	вода	water	
woj	N	woj.	N_odd	брать	take	
woj	N	woj.	N_odd	жир	fat	
woj	V	woj.	V_odd	брать	take	
wojkan	ADJ	wojkan.	ADJ_even	светлый	light	
wojkan	N	wojkan.	N_even	светлый	light	
wolt	V	wolt.	V_odd	тесать	hew	
wol'	N	wol'.	N_odd	плёс	stream.pool	
wonsut	V	wonsut.	V_even	мелькнуть	flash	
wontər	N	wontər.|wontr.	N_even	выдра	otter	
won'ɕal	N	won'ɕal.	N_even	пусто	empty	
wor	N	wor.	N_odd	лес	forest	
wor	N	wor.	N_odd	мощь	power	
wor	N	wor.	N_odd	сила	strength	
wor	V	wor.	V_odd	мощь	power	
wōr	N	wōr.	N_odd	лес	forest	
worat	V	worat.	V_even	порываться	try	
wort	V	wort.	V_odd	подпереть	prop.up	
wos	N	wos.	N_odd	OPT		
woss	N	woss.	N_odd	OPT		
wot	N	wot.	N_odd	ветер	wind	
wotiŋ	ADJ	wotiŋ.	ADJ_even	седой	gray	
wow	V	wow.	V_odd	звать	call	
wōw	V	wōw.	V_odd	звать	call	
wowta	ADJ	wowta.	ADJ_even	тонкий	thin	
woww	V	woww.	V_odd	просить	ask	
wōŋx	N	wōŋx.	N_odd	яма	pit	
woŋxa	N	woŋxa.	N_even	яма	pit	
wōŋxa	N	wōŋxa.	N_even	яма	pit	
woɕ	N	woɕ.	N_odd	грязь	mud	
woɕkas	V	woɕkas.	V_even	бросить	throw	
woɕkas	V	woɕkas.	V_even	выкинуть	throw.out	
woɕkas	V	woɕkas.	V_even	сбросить	dump	
woɕlax	N	woɕlax.	N_even	грязь	mud	
wəɣər	ADJ	wəɣər.|wəɣr.	ADJ_even	красный	red	
x	N	x.	N_even	Ц		
xajt	N	xajt.	N_odd	бег	run	
xajt	V	xajt.	V_odd	бег	run	
xajt	V	xajt.	V_odd	бегать	run	
xajt	V	xajt.	V_odd	бежать	run	
xajta	V	xajta.	V_even	бежать	run	
xajtup	N	xajtup.	N_even	мост	bridge	
xal	N	xal.	N_odd	среди	among	
xalew	N	xalew.	N_even	чайка	seagull	
xalt	N	xalt.	N_odd	между	between	
xal'	N	xal'.	N_odd	берёза	birch	
xāl'	N	xāl'.	N_odd	берёза	birch	
xan	V	xan.	V_odd	приклеить	glue	
xan	V	xan.	V_odd	прилипнуть	stick	
xaniɕt	V	xaniɕt.	V_even	научить	teach	
xans	V	xans.	V_odd	писать	write	
xansa	N	xansa.	N_even	орнамент	ornament	
xansa	N	xansa.	N_even	узор	pattern	
xant	N	xant.	N_odd	сера	sulfur	
xantə	N	xantə.	N_even	остяк	Khanty	
xantə	N	xantə.	N_even	сера	sulfur	
xanəlpatta	N	xanəlpatta.	N_even	пазуха	cavity	
xan'iɕt	V	xan'iɕt.	V_even	научить	teach	
xap	N	xap.	N_odd	лодка	boat	
xapɣa	N	xapɣa.	N_even	осина	aspen	
xar	N	xar.	N_odd	самец	male	
xār	N	xār.	N_odd	самец	male	
xara	ADJ	xara.	ADJ_even	редкий	rare	
xariɣl	V	xariɣl.	V_even	потухнуть	go.out	
xariɣt	V	xariɣt.	V_even	погасить	extinguish	
xars	ADJ	xars.	ADJ_odd	полноводный	full.flowing	
xars	V	xars.	V_odd	полноводный	full.flowing	
xarst	V	xarst.	V_odd	хрустеть	crunch	
xart	V	xart.	V_odd	тянуть	pull	
xartum	N	xartum.	N_even	волок	drag	
xarəɣl	V	xarəɣl.|xarɣl.	V_even	потухнуть	go.out	
xas	V	xas.	V_odd	писать	write	
xas	V	xas.	V_odd	привязать	tie	
xas	V	xas.	V_odd	тальник	willow	
xas	V	xas.	V_odd	тащить	drag	
xas	V	xas.	V_odd	уметь	be.able	
xas	N	xas.	N_odd	привязать	tie	
xasap	N	xasap.	N_even	полог	canopy	
xasli	N	xasli.	N_even	мох	moss	
xassumt	V	xassumt.	V_even	дёргать	pull	
xatan'	N	xatan'.	N_even	татарин	Tatar	
xax	N	xax.	N_odd	взобраться	climb	
xaŋra	N	xaŋra.	N_even	подколенок		
xaŋx	V	xaŋx.	V_odd	взобраться	climb	
xāŋx	V	xāŋx.	V_odd	залезть	climb	
xāŋxt	V	xāŋxt.	V_odd	загнать	drive	
xaɕ	N	xaɕ.	N_odd	знание	knowledge	
xaɕl	V	xaɕl.	V_odd	рваться	tear	
xil	V	xil.	V_odd	копать	dig	
xitərt	V	xitərt.|xitrt.	V_even	ударить	hit	
xo	N	xo.	N_odd	кто	who	
xo	V	xo.	V_odd	кто	who	
xoj	V	xoj.	V_odd	достичь	achieve	
xoj	V	xoj.	V_odd	удариться	bump.into	
xōj	V	xōj.	V_odd	касаться	touch	
xōj	V	xōj.	V_odd	попасть	hit	
xol	N	xol.	N_odd	утро	morning	
xoli	ADJ	xoli.	ADJ_even	утренний	morning	
xolit	N	xolit.	N_even	завтра	tomorrow	
xolit	N	xolit.	N_even	завтрашний	tomorrow's	
xolit	ADJ	xolit.	ADJ_even	завтрашний	tomorrow's	
xolitan	N	xolitan.	N_odd	завтра	tomorrow	
xolt	V	xolt.	V_odd	тратить	spend	
xol't	N	xol't.	N_odd	наподобие	like	
xomi	N	xomi.	N_even	навзничь	upside.down	
xomi	N	xomi.	N_even	ничком	face.down	
xōmi	N	xōmi.	N_even	EMPH		
xōmi	N	xōmi.	N_even	ничком	face.down	
xomɕi	N	xomɕi.	N_even	кнут	whip	
xoməl	ADJ	xoməl.|xoml.	ADJ_even	проклятый	damned	
xon	N	xon.	N_odd	царь	tsar	
xon	N	xon.	N_odd	царь[LAT]		
xōn	N	xōn.	N_odd	король	king	
xōn	N	xōn.	N_odd	царь	tsar	
xoni	N	xoni.	N_even	навзничь	upside.down	
xont	V	xont.	V_odd	искать	search	
xōnt	V	xōnt.	V_odd	воевать	fight	
xōnt	V	xōnt.	V_odd	найти	find	
xōnt	V	xōnt.	V_odd	находить	find	
xōnt	N	xōnt.	N_odd	войско	army	
xōpt	N	xōpt.	N_odd	олень	deer	
xopəlt	V	xopəlt.|xoplt.	V_even	греметь	thunder	
xort	V	xort.	V_odd	лаять	bark	
xortxan	N	xortxan.	N_even	ястреб	hawk	
xos	N	xos.	N_odd	длина	length	
xōs	N	xōs.	N_odd	длина	length	
xosa	N	xosa.	N_even	далеко	far	
xosa	N	xosa.	N_even	далеко/долго		
xosa	N	xosa.	N_even	длинный	long	
xosa	N	xosa.	N_even	долго	long	
xosa	ADJ	xosa.	ADJ_even	длинный	long	
xōsa	N	xōsa.	N_even	длинный	long	
xōsa	N	xōsa.	N_even	долго	long	
xosit	N	xosit.	N_even	вдоль	along	
xosit	N	xosit.	N_even	по	by	
xot	N	xot.	N_odd	где	where	
xot	N	xot.	N_odd	от	from	
xot	N	xot.	N_odd	шесть	six	
xōt	N	xōt.	N_odd	где	where	
xotal	N	xotal.	N_even	день	day	
xotal	N	xotal.	N_even	солнце	sun	
xotal	V	xotal.	V_even	рассветать	dawn	
xōtal	N	xōtal.	N_even	день	day	
xotal'	N	xotal'.	N_even	куда	where	
xotaŋ	N	xotaŋ.	N_even	лебедь	swan	
xoti	ADJ	xoti.	ADJ_even	который	who	
xotjut	N	xotjut.	N_even	кто	who	
xotl	V	xotl.	V_odd	рассветать	dawn	
xotəl	N	xotəl.|xotl.	N_even	день	day	
xowt	N	xowt.	N_odd	ёлка	spruce	
xōŋ	N	xōŋ.	N_odd	король	king	
xoŋxa	N	xoŋxa.	N_even	кто	who	
xoɕa	ADJ	xoɕa.	ADJ_even	засохший	dried.up	
xuij	V	xuij.	V_even	спать	sleep	
xuj	V	xuj.	V_odd	лежать	lie	
xuj	V	xuj.	V_odd	ложиться	lie.down	
xuj	V	xuj.	V_odd	спать	sleep	
xuja	V	xuja.	V_even	лежать	lie	
xujn'utəl	V	xujn'utəl.	V_odd	спать	sleep	
xul	V	xul.	V_odd	ночевать	spend.the.night	
xul	V	xul.	V_odd	слышать	hear	
xul	N	xul.	N_odd	рыба	fish	
xūl	V	xūl.	V_odd	ночевать	spend.the.night	
xulax	N	xulax.	N_even	ворон	crow	
xult	V	xult.	V_odd	остаться	stay	
xult	V	xult.	V_odd	показать	show	
xul'	V	xul'.	V_odd	оставить	leave	
xul'iɣl	V	xul'iɣl.	V_even	всплыть	surface	
xul'm	N	xul'm.	N_odd	зона	zone	
xul'm	N	xul'm.	N_odd	пепел	ashes	
xul't	V	xul't.	V_odd	остаться	stay	
xul'tɣaj	N	xul'tɣaj.	N_even	зыбун	swamp	
xul'təs	V	xul'təs.|xul'ts.	V_even	остаться	stay	
xul'um	N	xul'um.	N_even	речка	river	
xum	N	xum.	N_odd	мужчина	man	
xum	N	xum.	N_odd	человек	person	
xuma	N	xuma.	N_even	мужики	guys	
xumi	N	xumi.	N_even	мужчина	man	
xumle	N	xumle.	N_even	как	like	
xuml'e	N	xuml'e.	N_even	как	like	
xumus	N	xumus.	N_even	как	like	
xumus	ADJ	xumus.	ADJ_even	какой	what.kind	
xun	V	xun.	V_odd	черпать	scoop	
xunt	V	xunt.	V_odd	вычерпывать	scoop.out	
xunt	V	xunt.	V_odd	котомка	knapsack	
xunt	N	xunt.	N_odd	котомка	knapsack	
xuntel	V	xuntel.	V_even	слушать	listen	
xuntl	V	xuntl.	V_odd	слушать	listen	
xūntl	V	xūntl.	V_odd	слушать	listen	
xuntəl	V	xuntəl.|xuntl.	V_even	слушать	listen	
xun'	N	xun'.	N_odd	когда	when	
xun't	N	xun't.	N_odd	когда	when	
xur	N	xur.	N_odd	берег	shore	
xur	V	xur.	V_odd	берег	shore	
xuraxl	V	xuraxl.	V_even	пугать	scare	
xuri	N	xuri.	N_even	изображение	image	
xuri	N	xuri.	N_even	образ	image	
xuri	N	xuri.	N_even	узор	pattern	
xuriɣ	N	xuriɣ.	N_even	мешок	bag	
xūriɣ	N	xūriɣ.	N_even	мешок	bag	
xurip	N	xurip.	N_even	образ	image	
xurip	N	xurip.	N_even	свойство	property	
xurm	N	xurm.	N_odd	три	three	
xūrm	N	xūrm.	N_odd	Три		
xurp	N	xurp.	N_odd	коробка	box	
xurum	N	xurum.	N_even	три	three	
xūrum	N	xūrum.	N_even	Три		
xūrum	N	xūrum.	N_even	три	three	
xurəɣ	N	xurəɣ.|xurɣ.	N_even	мешок	bag	
xurəm	N	xurəm.|xurm.	N_even	три	three	
xus	V	xus.	V_odd	двадцать	twenty	
xus	N	xus.	N_odd	жечь	burn	
xusap	N	xusap.	N_even	коробка	box	
xusl	V	xusl.	V_odd	отслаиваться	flake.off	
xut	V	xut.	V_odd	согнуться	bend	
xuɕ	N	xuɕ.	N_odd	слуга	servant	
xəl	V	xəl.	V_odd	копать	dig	
ŋōŋx	N	ŋōŋx.	N_odd	вверх	up	
ɕaɣt	V	ɕaɣt.	V_odd	радоваться	rejoice	
ɕai	N	ɕai.	N_even	чай	tea	
ɕaj	N	ɕaj.	N_odd	чай	tea	
ɕakw	N	ɕakw.	N_odd	вымя	udder	
ɕakw	V	ɕakw.	V_odd	вымя	udder	
ɕakwit	N	ɕakwit.	N_even	молоко	milk	
ɕalɣ	N	ɕalɣ.	N_odd	серебро	silver	
ɕaliɣ	ADJ	ɕaliɣ.	ADJ_even	чистый	clean	
ɕalt	V	ɕalt.	V_odd	войти	enter	
ɕalt	V	ɕalt.	V_odd	входить	enter	
ɕalt	V	ɕalt.	V_odd	зайти	enter	
ɕālt	V	ɕālt.	V_odd	войти	enter	
ɕaləɣ	N	ɕaləɣ.|ɕalɣ.	N_even	серебро	silver	
ɕama	N	ɕama.	N_even	насмерть	to.death	
ɕampur	N	ɕampur.	N_even	обруч	hoop	
ɕanèn	N	ɕanèn.	N_odd	2DU		
ɕan'	N	ɕan'.	N_odd	мама	mom	
ɕar	ADJ	ɕar.	ADJ_odd	самый	most	
ɕar	N	ɕar.	N_odd	самый	most	
ɕar	N	ɕar.	N_odd	совсем	completely	
ɕar	V	ɕar.	V_odd	совсем	completely	
ɕaras	N	ɕaras.	N_even	море	sea	
ɕaras	N	ɕaras.	N_even	остров	island	
ɕaraɕ	N	ɕaraɕ.	N_even	море	sea	
ɕarɣ	V	ɕarɣ.	V_odd	жечь	burn	
ɕarit	V	ɕarit.	V_even	жарить	fry	
ɕarka	N	ɕarka.	N_even	чарка	shot.glass	
ɕarəɕ	N	ɕarəɕ.|ɕarɕ.	N_even	море	sea	
ɕas	N	ɕas.	N_odd	колени	knees	
ɕaxl	N	ɕaxl.	N_odd	клубок	tangle	
ɕaxl	N	ɕaxl.	N_odd	туча	cloud	
ɕaxl	N	ɕaxl.	N_odd	холм	hill	
ɕaxəl	N	ɕaxəl.|ɕaxl.	N_even	гора	mountain	
ɕaxəl	N	ɕaxəl.|ɕaxl.	N_even	туча	cloud	
ɕaxəl	N	ɕaxəl.|ɕaxl.	N_even	холм	hill	
ɕaxəl	N	ɕaxəl.|ɕaxl.	N_even	хребет	spine	
ɕaŋkɕ	N	ɕaŋkɕ.	N_odd	жуланчик	shrike	
ɕeltumt	V	ɕeltumt.	V_even	бросить	throw	
ɕep	N	ɕep.	N_odd	карман	pocket	
ɕeranka	N	ɕeranka.	N_odd	спичка	match	
ɕermat	N	ɕermat.	N_even	вожжи	reins	
ɕermat	V	ɕermat.	V_even	вожжи	reins	
ɕes	N	ɕes.	N_odd	щегол	goldfinch	
ɕetwert	N	ɕetwert.	N_even	четверть	quarter	
ɕetwert'	N	ɕetwert'.	N_even	четверть	quarter	
ɕil	N	ɕil.	N_odd	бубенчик	bell	
ɕir	N	ɕir.	N_odd	способ	way	
ɕiraj	N	ɕiraj.	N_even	меч	sword	
ɕisɣ	V	ɕisɣ.	V_odd	визжать	squeal	
ɕol	N	ɕol.	N_odd	могущество	power	
ɕol	N	ɕol.	N_odd	средство	means	
ɕopil	V	ɕopil.	V_even	договориться	agree	
ɕopit	V	ɕopit.	V_even	готовить	cook	
ɕopər	N	ɕopər.|ɕopr.	N_even	глухарка	female.wood.grouse	
ɕopər	ADJ	ɕopər.|ɕopr.	ADJ_even	тонкий	thin	
ɕora	N	ɕora.	N_even	пороша	snowflake	
ɕorxil	N	ɕorxil.	N_even	зарубка	notch	
ɕorxil	V	ɕorxil.	V_even	зарубка	notch	
ɕorxəl	N	ɕorxəl.|ɕorxl.	N_even	зарубка	notch	
ɕorxəl	V	ɕorxəl.|ɕorxl.	V_even	зарубка	notch	
ɕos	N	ɕos.	N_odd	момент	moment	
ɕos	N	ɕos.	N_odd	раз	time	
ɕos	N	ɕos.	N_odd	час	hour	
ɕowal	N	ɕowal.	N_even	чувал	hearth?	
ɕul	N	ɕul.	N_odd	седина	gray.hair	
ɕul'ɕi	N	ɕul'ɕi.	N_even	кулик	sandpiper	
ɕuns	V	ɕuns.	V_odd	смотреть	look	
ɕun'	V	ɕun'.	V_odd	благоденствовать	prosper	
ɕun'	V	ɕun'.	V_odd	здравствовать	be.well	
ɕun'	N	ɕun'.	N_odd	благоденствовать	prosper	
ɕun'	N	ɕun'.	N_odd	богатство	wealth	
ɕuram	V	ɕuram.	V_even	освежить	refresh	
ɕurɣ	V	ɕurɣ.	V_odd	течь	flow	
ɕus	N	ɕus.	N_odd	раз	time	
